DATE,TIME,12CO2
5/11/2026,22:47:34,5.40E+02
5/11/2026,22:47:35,5.40E+02
5/11/2026,22:47:36,5.40E+02
5/11/2026,22:47:37,5.39E+02
5/11/2026,22:47:39,5.38E+02
5/11/2026,22:47:40,5.38E+02
5/11/2026,22:47:41,5.37E+02
5/11/2026,22:47:42,5.37E+02
5/11/2026,22:47:44,5.37E+02
5/11/2026,22:47:45,5.36E+02
5/11/2026,22:47:46,5.35E+02
5/11/2026,22:47:47,5.35E+02
5/11/2026,22:47:49,5.34E+02
5/11/2026,22:47:50,5.33E+02
5/11/2026,22:47:51,5.33E+02
5/11/2026,22:47:53,5.32E+02
5/11/2026,22:47:54,5.32E+02
5/11/2026,22:47:55,5.32E+02
5/11/2026,22:47:56,5.31E+02
5/11/2026,22:47:57,5.30E+02
5/11/2026,22:47:59,5.30E+02
5/11/2026,22:48:00,5.29E+02
5/11/2026,22:48:01,5.28E+02
5/11/2026,22:48:02,5.28E+02
5/11/2026,22:48:04,5.27E+02
5/11/2026,22:48:05,5.27E+02
5/11/2026,22:48:06,5.27E+02
5/11/2026,22:48:08,5.26E+02
5/11/2026,22:48:09,5.25E+02
5/11/2026,22:48:10,5.25E+02
5/11/2026,22:48:12,5.24E+02
5/11/2026,22:48:13,5.23E+02
5/11/2026,22:48:14,5.23E+02
5/11/2026,22:48:16,5.22E+02
5/11/2026,22:48:17,5.22E+02
5/11/2026,22:48:18,5.22E+02
5/11/2026,22:48:19,5.21E+02
5/11/2026,22:48:20,5.20E+02
5/11/2026,22:48:22,5.20E+02
5/11/2026,22:48:23,5.19E+02
5/11/2026,22:48:24,5.18E+02
5/11/2026,22:48:26,5.18E+02
5/11/2026,22:48:27,5.18E+02
5/11/2026,22:48:28,5.17E+02
5/11/2026,22:48:29,5.17E+02
5/11/2026,22:48:31,5.16E+02
5/11/2026,22:48:32,5.16E+02
5/11/2026,22:48:33,5.16E+02
5/11/2026,22:48:34,5.15E+02
5/11/2026,22:48:35,5.14E+02
5/11/2026,22:48:37,5.14E+02
5/11/2026,22:48:38,5.13E+02
5/11/2026,22:48:39,5.13E+02
5/11/2026,22:48:41,5.13E+02
5/11/2026,22:48:42,5.12E+02
5/11/2026,22:48:43,5.12E+02
5/11/2026,22:48:44,5.12E+02
5/11/2026,22:48:46,5.11E+02
5/11/2026,22:48:47,5.10E+02
5/11/2026,22:48:48,5.10E+02
5/11/2026,22:48:50,5.09E+02
5/11/2026,22:48:51,5.09E+02
5/11/2026,22:48:52,5.09E+02
5/11/2026,22:48:54,5.08E+02
5/11/2026,22:48:55,5.07E+02
5/11/2026,22:48:56,5.07E+02
5/11/2026,22:48:57,5.06E+02
5/11/2026,22:48:58,5.06E+02
5/11/2026,22:49:00,5.06E+02
5/11/2026,22:49:01,5.05E+02
5/11/2026,22:49:02,5.05E+02
5/11/2026,22:49:03,5.05E+02
5/11/2026,22:49:05,5.04E+02
5/11/2026,22:49:06,5.03E+02
5/11/2026,22:49:07,5.03E+02
5/11/2026,22:49:09,5.03E+02
5/11/2026,22:49:10,5.02E+02
5/11/2026,22:49:11,5.02E+02
5/11/2026,22:49:12,5.01E+02
5/11/2026,22:49:13,5.01E+02
5/11/2026,22:49:15,5.01E+02
5/11/2026,22:49:16,5.00E+02
5/11/2026,22:49:17,5.00E+02
5/11/2026,22:49:19,5.00E+02
5/11/2026,22:49:20,4.99E+02
5/11/2026,22:49:21,4.99E+02
5/11/2026,22:49:22,4.99E+02
5/11/2026,22:49:24,4.98E+02
5/11/2026,22:49:25,4.97E+02
5/11/2026,22:49:26,4.97E+02
5/11/2026,22:49:28,4.96E+02
5/11/2026,22:49:29,4.96E+02
5/11/2026,22:49:30,4.96E+02
5/11/2026,22:49:32,4.95E+02
5/11/2026,22:49:33,4.95E+02
5/11/2026,22:49:34,4.95E+02
5/11/2026,22:49:35,4.95E+02
5/11/2026,22:49:36,4.94E+02
5/11/2026,22:49:38,4.94E+02
5/11/2026,22:49:39,4.94E+02
5/11/2026,22:49:40,4.93E+02
5/11/2026,22:49:42,4.93E+02
5/11/2026,22:49:43,4.93E+02
5/11/2026,22:49:44,4.93E+02
5/11/2026,22:49:45,4.93E+02
5/11/2026,22:49:47,4.92E+02
5/11/2026,22:49:48,4.92E+02
5/11/2026,22:49:49,4.92E+02
5/11/2026,22:49:50,4.92E+02
5/11/2026,22:49:51,4.92E+02
5/11/2026,22:49:53,4.92E+02
5/11/2026,22:49:54,4.92E+02
5/11/2026,22:49:55,4.92E+02
5/11/2026,22:49:56,4.92E+02
5/11/2026,22:49:58,4.92E+02
5/11/2026,22:49:59,4.92E+02
5/11/2026,22:50:00,4.92E+02
5/11/2026,22:50:02,4.92E+02
5/11/2026,22:50:03,4.91E+02
5/11/2026,22:50:04,4.91E+02
5/11/2026,22:50:06,4.92E+02
5/11/2026,22:50:07,4.92E+02
5/11/2026,22:50:08,4.92E+02
5/11/2026,22:50:10,4.93E+02
5/11/2026,22:50:11,4.93E+02
5/11/2026,22:50:12,4.93E+02
5/11/2026,22:50:13,4.93E+02
5/11/2026,22:50:14,4.93E+02
5/11/2026,22:50:16,4.93E+02
5/11/2026,22:50:17,4.94E+02
5/11/2026,22:50:18,4.94E+02
5/11/2026,22:50:20,4.94E+02
5/11/2026,22:50:21,4.94E+02
5/11/2026,22:50:22,4.94E+02
5/11/2026,22:50:23,4.94E+02
5/11/2026,22:50:25,4.95E+02
5/11/2026,22:50:26,4.95E+02
5/11/2026,22:50:27,4.95E+02
5/11/2026,22:50:28,4.96E+02
5/11/2026,22:50:29,4.96E+02
5/11/2026,22:50:31,4.96E+02
5/11/2026,22:50:32,4.97E+02
5/11/2026,22:50:33,4.97E+02
5/11/2026,22:50:34,4.97E+02
5/11/2026,22:50:36,4.98E+02
5/11/2026,22:50:37,4.98E+02
5/11/2026,22:50:38,4.98E+02
5/11/2026,22:50:40,4.99E+02
5/11/2026,22:50:41,5.00E+02
5/11/2026,22:50:42,5.00E+02
5/11/2026,22:50:44,5.01E+02
5/11/2026,22:50:45,5.01E+02
5/11/2026,22:50:46,5.01E+02
5/11/2026,22:50:48,5.02E+02
5/11/2026,22:50:49,5.02E+02
5/11/2026,22:50:50,5.02E+02
5/11/2026,22:50:51,5.03E+02
5/11/2026,22:50:52,5.04E+02
5/11/2026,22:50:54,5.04E+02
5/11/2026,22:50:55,5.04E+02
5/11/2026,22:50:56,5.05E+02
5/11/2026,22:50:57,5.05E+02
5/11/2026,22:50:59,5.06E+02
5/11/2026,22:51:00,5.06E+02
5/11/2026,22:51:01,5.06E+02
5/11/2026,22:51:03,5.08E+02
5/11/2026,22:51:04,5.08E+02
5/11/2026,22:51:05,5.08E+02
5/11/2026,22:51:06,5.09E+02
5/11/2026,22:51:07,5.09E+02
5/11/2026,22:51:09,5.09E+02
5/11/2026,22:51:10,5.11E+02
5/11/2026,22:51:11,5.11E+02
5/11/2026,22:51:13,5.11E+02
5/11/2026,22:51:14,5.12E+02
5/11/2026,22:51:15,5.13E+02
5/11/2026,22:51:16,5.13E+02
5/11/2026,22:51:18,5.14E+02
5/11/2026,22:51:19,5.14E+02
5/11/2026,22:51:20,5.14E+02
5/11/2026,22:51:22,5.16E+02
5/11/2026,22:51:23,5.17E+02
5/11/2026,22:51:24,5.17E+02
5/11/2026,22:51:26,5.18E+02
5/11/2026,22:51:27,5.19E+02
5/11/2026,22:51:28,5.19E+02
5/11/2026,22:51:29,5.20E+02
5/11/2026,22:51:31,5.21E+02
5/11/2026,22:51:32,5.21E+02
5/11/2026,22:51:33,5.22E+02
5/11/2026,22:51:34,5.22E+02
5/11/2026,22:51:36,5.22E+02
5/11/2026,22:51:37,5.24E+02
5/11/2026,22:51:38,5.24E+02
5/11/2026,22:51:39,5.24E+02
5/11/2026,22:51:41,5.26E+02
5/11/2026,22:51:42,5.27E+02
5/11/2026,22:51:43,5.27E+02
5/11/2026,22:51:44,5.28E+02
5/11/2026,22:51:46,5.28E+02
5/11/2026,22:51:47,5.28E+02
5/11/2026,22:51:48,5.30E+02
5/11/2026,22:51:50,5.31E+02
5/11/2026,22:51:51,5.31E+02
5/11/2026,22:51:52,5.32E+02
5/11/2026,22:51:53,5.33E+02
5/11/2026,22:51:55,5.33E+02
5/11/2026,22:51:56,5.34E+02
5/11/2026,22:51:57,5.35E+02
5/11/2026,22:51:58,5.35E+02
5/11/2026,22:52:00,5.36E+02
5/11/2026,22:52:01,5.37E+02
5/11/2026,22:52:02,5.37E+02
5/11/2026,22:52:04,5.38E+02
5/11/2026,22:52:05,5.39E+02
5/11/2026,22:52:06,5.39E+02
5/11/2026,22:52:08,5.40E+02
5/11/2026,22:52:09,5.41E+02
5/11/2026,22:52:10,5.41E+02
5/11/2026,22:52:11,5.42E+02
5/11/2026,22:52:13,5.43E+02
5/11/2026,22:52:14,5.43E+02
5/11/2026,22:52:15,5.44E+02
5/11/2026,22:52:16,5.44E+02
5/11/2026,22:52:18,5.44E+02
5/11/2026,22:52:19,5.46E+02
5/11/2026,22:52:20,5.46E+02
5/11/2026,22:52:21,5.46E+02
5/11/2026,22:52:23,5.47E+02
5/11/2026,22:52:24,5.48E+02
5/11/2026,22:52:25,5.48E+02
5/11/2026,22:52:27,5.49E+02
5/11/2026,22:52:28,5.49E+02
5/11/2026,22:52:29,5.49E+02
5/11/2026,22:52:30,5.50E+02
5/11/2026,22:52:31,5.51E+02
5/11/2026,22:52:33,5.51E+02
5/11/2026,22:52:34,5.51E+02
5/11/2026,22:52:35,5.52E+02
5/11/2026,22:52:37,5.52E+02
5/11/2026,22:52:38,5.53E+02
5/11/2026,22:52:39,5.53E+02
5/11/2026,22:52:41,5.53E+02
5/11/2026,22:52:42,5.54E+02
5/11/2026,22:52:43,5.54E+02
5/11/2026,22:52:44,5.54E+02
5/11/2026,22:52:46,5.55E+02
5/11/2026,22:52:47,5.55E+02
5/11/2026,22:52:48,5.55E+02
5/11/2026,22:52:50,5.56E+02
5/11/2026,22:52:51,5.56E+02
5/11/2026,22:52:52,5.56E+02
5/11/2026,22:52:53,5.57E+02
5/11/2026,22:52:54,5.57E+02
5/11/2026,22:52:56,5.57E+02
5/11/2026,22:52:57,5.58E+02
5/11/2026,22:52:58,5.58E+02
5/11/2026,22:53:00,5.58E+02
5/11/2026,22:53:01,5.59E+02
5/11/2026,22:53:02,5.59E+02
5/11/2026,22:53:03,5.59E+02
5/11/2026,22:53:05,5.59E+02
5/11/2026,22:53:06,5.59E+02
5/11/2026,22:53:07,5.59E+02
5/11/2026,22:53:08,5.60E+02
5/11/2026,22:53:10,5.60E+02
5/11/2026,22:53:11,5.60E+02
5/11/2026,22:53:12,5.60E+02
5/11/2026,22:53:14,5.60E+02
5/11/2026,22:53:15,5.60E+02
5/11/2026,22:53:16,5.60E+02
5/11/2026,22:53:17,5.61E+02
5/11/2026,22:53:19,5.61E+02
5/11/2026,22:53:20,5.61E+02
5/11/2026,22:53:21,5.61E+02
5/11/2026,22:53:23,5.61E+02
5/11/2026,22:53:24,5.61E+02
5/11/2026,22:53:25,5.61E+02
5/11/2026,22:53:26,5.61E+02
5/11/2026,22:53:28,5.61E+02
5/11/2026,22:53:29,5.61E+02
5/11/2026,22:53:30,5.61E+02
5/11/2026,22:53:31,5.61E+02
5/11/2026,22:53:32,5.61E+02
5/11/2026,22:53:34,5.61E+02
5/11/2026,22:53:35,5.61E+02
5/11/2026,22:53:36,5.61E+02
5/11/2026,22:53:38,5.61E+02
5/11/2026,22:53:39,5.61E+02
5/11/2026,22:53:40,5.61E+02
5/11/2026,22:53:41,5.61E+02
5/11/2026,22:53:43,5.61E+02
5/11/2026,22:53:44,5.61E+02
5/11/2026,22:53:45,5.61E+02
5/11/2026,22:53:46,5.61E+02
5/11/2026,22:53:47,5.61E+02
5/11/2026,22:53:49,5.61E+02
5/11/2026,22:53:50,5.61E+02
5/11/2026,22:53:51,5.61E+02
5/11/2026,22:53:53,5.61E+02
5/11/2026,22:53:54,5.60E+02
5/11/2026,22:53:55,5.60E+02
5/11/2026,22:53:57,5.60E+02
5/11/2026,22:53:58,5.60E+02
5/11/2026,22:53:59,5.60E+02
5/11/2026,22:54:01,5.60E+02
5/11/2026,22:54:02,5.60E+02
5/11/2026,22:54:03,5.59E+02
5/11/2026,22:54:04,5.59E+02
5/11/2026,22:54:06,5.59E+02
5/11/2026,22:54:07,5.59E+02
5/11/2026,22:54:08,5.59E+02
5/11/2026,22:54:09,5.58E+02
5/11/2026,22:54:10,5.58E+02
5/11/2026,22:54:12,5.58E+02
5/11/2026,22:54:13,5.58E+02
5/11/2026,22:54:14,5.58E+02
5/11/2026,22:54:16,5.58E+02
5/11/2026,22:54:17,5.57E+02
5/11/2026,22:54:18,5.57E+02
5/11/2026,22:54:19,5.57E+02
5/11/2026,22:54:21,5.56E+02
5/11/2026,22:54:22,5.56E+02
5/11/2026,22:54:23,5.56E+02
5/11/2026,22:54:24,5.56E+02
5/11/2026,22:54:25,5.56E+02
5/11/2026,22:54:27,5.56E+02
5/11/2026,22:54:28,5.55E+02
5/11/2026,22:54:29,5.55E+02
5/11/2026,22:54:31,5.55E+02
5/11/2026,22:54:32,5.54E+02
5/11/2026,22:54:33,5.54E+02
5/11/2026,22:54:35,5.54E+02
5/11/2026,22:54:36,5.54E+02
5/11/2026,22:54:37,5.53E+02
5/11/2026,22:54:38,5.53E+02
5/11/2026,22:54:40,5.53E+02
5/11/2026,22:54:41,5.52E+02
5/11/2026,22:54:42,5.52E+02
5/11/2026,22:54:44,5.52E+02
5/11/2026,22:54:45,5.52E+02
5/11/2026,22:54:46,5.52E+02
5/11/2026,22:54:47,5.51E+02
5/11/2026,22:54:48,5.51E+02
5/11/2026,22:54:50,5.51E+02
5/11/2026,22:54:51,5.51E+02
5/11/2026,22:54:52,5.50E+02
5/11/2026,22:54:54,5.50E+02
5/11/2026,22:54:55,5.50E+02
5/11/2026,22:54:56,5.50E+02
5/11/2026,22:54:57,5.50E+02
5/11/2026,22:54:59,5.49E+02
5/11/2026,22:55:00,5.49E+02
5/11/2026,22:55:01,5.49E+02
5/11/2026,22:55:02,5.49E+02
5/11/2026,22:55:04,5.49E+02
5/11/2026,22:55:05,5.49E+02
5/11/2026,22:55:06,5.48E+02
5/11/2026,22:55:07,5.48E+02
5/11/2026,22:55:09,5.48E+02
5/11/2026,22:55:10,5.48E+02
5/11/2026,22:55:11,5.48E+02
5/11/2026,22:55:13,5.48E+02
5/11/2026,22:55:14,5.47E+02
5/11/2026,22:55:15,5.47E+02
5/11/2026,22:55:17,5.47E+02
5/11/2026,22:55:18,5.47E+02
5/11/2026,22:55:19,5.46E+02
5/11/2026,22:55:20,5.46E+02
5/11/2026,22:55:22,5.46E+02
5/11/2026,22:55:23,5.46E+02
5/11/2026,22:55:24,5.46E+02
5/11/2026,22:55:25,5.46E+02
5/11/2026,22:55:27,5.46E+02
5/11/2026,22:55:28,5.46E+02
5/11/2026,22:55:29,5.46E+02
5/11/2026,22:55:30,5.45E+02
5/11/2026,22:55:32,5.45E+02
5/11/2026,22:55:33,5.45E+02
5/11/2026,22:55:34,5.45E+02
5/11/2026,22:55:35,5.45E+02
5/11/2026,22:55:37,5.45E+02
5/11/2026,22:55:38,5.44E+02
5/11/2026,22:55:39,5.44E+02
5/11/2026,22:55:41,5.45E+02
5/11/2026,22:55:42,5.44E+02
5/11/2026,22:55:43,5.44E+02
5/11/2026,22:55:44,5.44E+02
5/11/2026,22:55:46,5.44E+02
5/11/2026,22:55:47,5.44E+02
5/11/2026,22:55:49,5.43E+02
5/11/2026,22:55:50,5.43E+02
5/11/2026,22:55:51,5.43E+02
5/11/2026,22:55:52,5.43E+02
5/11/2026,22:55:54,5.43E+02
5/11/2026,22:55:55,5.43E+02
5/11/2026,22:55:56,5.43E+02
5/11/2026,22:55:57,5.43E+02
5/11/2026,22:55:59,5.43E+02
5/11/2026,22:56:00,5.43E+02
5/11/2026,22:56:01,5.42E+02
5/11/2026,22:56:02,5.42E+02
5/11/2026,22:56:04,5.42E+02
5/11/2026,22:56:05,5.42E+02
5/11/2026,22:56:06,5.42E+02
5/11/2026,22:56:07,5.41E+02
5/11/2026,22:56:09,5.42E+02
5/11/2026,22:56:10,5.42E+02
5/11/2026,22:56:11,5.42E+02
5/11/2026,22:56:12,5.41E+02
5/11/2026,22:56:14,5.41E+02
5/11/2026,22:56:15,5.41E+02
5/11/2026,22:56:16,5.41E+02
5/11/2026,22:56:17,5.41E+02
5/11/2026,22:56:19,5.41E+02
5/11/2026,22:56:20,5.40E+02
5/11/2026,22:56:21,5.40E+02
5/11/2026,22:56:22,5.40E+02
5/11/2026,22:56:24,5.40E+02
5/11/2026,22:56:25,5.40E+02
5/11/2026,22:56:26,5.40E+02
5/11/2026,22:56:28,5.40E+02
5/11/2026,22:56:29,5.40E+02
5/11/2026,22:56:30,5.39E+02
5/11/2026,22:56:31,5.39E+02
5/11/2026,22:56:33,5.39E+02
5/11/2026,22:56:34,5.39E+02
5/11/2026,22:56:35,5.39E+02
5/11/2026,22:56:36,5.39E+02
5/11/2026,22:56:38,5.39E+02
5/11/2026,22:56:39,5.38E+02
5/11/2026,22:56:40,5.38E+02
5/11/2026,22:56:41,5.39E+02
5/11/2026,22:56:43,5.38E+02
5/11/2026,22:56:44,5.38E+02
5/11/2026,22:56:45,5.38E+02
5/11/2026,22:56:47,5.38E+02
5/11/2026,22:56:48,5.38E+02
5/11/2026,22:56:49,5.38E+02
5/11/2026,22:56:50,5.38E+02
5/11/2026,22:56:52,5.38E+02
5/11/2026,22:56:53,5.38E+02
5/11/2026,22:56:54,5.38E+02
5/11/2026,22:56:55,5.38E+02
5/11/2026,22:56:57,5.38E+02
5/11/2026,22:56:58,5.38E+02
5/11/2026,22:56:59,5.38E+02
5/11/2026,22:57:01,5.38E+02
5/11/2026,22:57:02,5.37E+02
5/11/2026,22:57:03,5.37E+02
5/11/2026,22:57:05,5.37E+02
5/11/2026,22:57:06,5.37E+02
5/11/2026,22:57:07,5.37E+02
5/11/2026,22:57:09,5.37E+02
5/11/2026,22:57:10,5.37E+02
5/11/2026,22:57:11,5.37E+02
5/11/2026,22:57:12,5.37E+02
5/11/2026,22:57:13,5.38E+02
5/11/2026,22:57:15,5.38E+02
5/11/2026,22:57:16,5.37E+02
5/11/2026,22:57:17,5.38E+02
5/11/2026,22:57:18,5.38E+02
5/11/2026,22:57:20,5.38E+02
5/11/2026,22:57:21,5.38E+02
5/11/2026,22:57:22,5.38E+02
5/11/2026,22:57:24,5.38E+02
5/11/2026,22:57:25,5.39E+02
5/11/2026,22:57:26,5.39E+02
5/11/2026,22:57:27,5.40E+02
5/11/2026,22:57:28,5.40E+02
5/11/2026,22:57:30,5.40E+02
5/11/2026,22:57:31,5.40E+02
5/11/2026,22:57:32,5.41E+02
5/11/2026,22:57:34,5.41E+02
5/11/2026,22:57:35,5.42E+02
5/11/2026,22:57:36,5.42E+02
5/11/2026,22:57:37,5.42E+02
5/11/2026,22:57:39,5.44E+02
5/11/2026,22:57:40,5.44E+02
5/11/2026,22:57:41,5.44E+02
5/11/2026,22:57:43,5.45E+02
5/11/2026,22:57:44,5.46E+02
5/11/2026,22:57:45,5.46E+02
5/11/2026,22:57:47,5.48E+02
5/11/2026,22:57:48,5.48E+02
5/11/2026,22:57:49,5.48E+02
5/11/2026,22:57:50,5.50E+02
5/11/2026,22:57:51,5.51E+02
5/11/2026,22:57:53,5.51E+02
5/11/2026,22:57:54,5.52E+02
5/11/2026,22:57:55,5.53E+02
5/11/2026,22:57:57,5.53E+02
5/11/2026,22:57:58,5.55E+02
5/11/2026,22:57:59,5.56E+02
5/11/2026,22:58:00,5.56E+02
5/11/2026,22:58:02,5.58E+02
5/11/2026,22:58:03,5.59E+02
5/11/2026,22:58:04,5.59E+02
5/11/2026,22:58:05,5.60E+02
5/11/2026,22:58:07,5.61E+02
5/11/2026,22:58:08,5.61E+02
5/11/2026,22:58:09,5.63E+02
5/11/2026,22:58:10,5.63E+02
5/11/2026,22:58:12,5.63E+02
5/11/2026,22:58:13,5.65E+02
5/11/2026,22:58:14,5.66E+02
5/11/2026,22:58:15,5.66E+02
5/11/2026,22:58:17,5.67E+02
5/11/2026,22:58:18,5.68E+02
5/11/2026,22:58:19,5.68E+02
5/11/2026,22:58:21,5.70E+02
5/11/2026,22:58:22,5.71E+02
5/11/2026,22:58:23,5.71E+02
5/11/2026,22:58:25,5.72E+02
5/11/2026,22:58:26,5.73E+02
5/11/2026,22:58:27,5.73E+02
5/11/2026,22:58:28,5.74E+02
5/11/2026,22:58:30,5.75E+02
5/11/2026,22:58:31,5.75E+02
5/11/2026,22:58:32,5.76E+02
5/11/2026,22:58:34,5.76E+02
5/11/2026,22:58:35,5.76E+02
5/11/2026,22:58:36,5.78E+02
5/11/2026,22:58:37,5.78E+02
5/11/2026,22:58:39,5.78E+02
5/11/2026,22:58:40,5.79E+02
5/11/2026,22:58:41,5.79E+02
5/11/2026,22:58:42,5.79E+02
5/11/2026,22:58:44,5.80E+02
5/11/2026,22:58:45,5.80E+02
5/11/2026,22:58:46,5.80E+02
5/11/2026,22:58:47,5.81E+02
5/11/2026,22:58:49,5.81E+02
5/11/2026,22:58:50,5.81E+02
5/11/2026,22:58:51,5.81E+02
5/11/2026,22:58:52,5.82E+02
5/11/2026,22:58:54,5.82E+02
5/11/2026,22:58:55,5.82E+02
5/11/2026,22:58:56,5.82E+02
5/11/2026,22:58:57,5.82E+02
5/11/2026,22:58:59,5.82E+02
5/11/2026,22:59:00,5.82E+02
5/11/2026,22:59:01,5.82E+02
5/11/2026,22:59:03,5.82E+02
5/11/2026,22:59:04,5.82E+02
5/11/2026,22:59:05,5.82E+02
5/11/2026,22:59:06,5.83E+02
5/11/2026,22:59:08,5.82E+02
5/11/2026,22:59:09,5.82E+02
5/11/2026,22:59:10,5.82E+02
5/11/2026,22:59:12,5.82E+02
5/11/2026,22:59:13,5.82E+02
5/11/2026,22:59:14,5.82E+02
5/11/2026,22:59:15,5.82E+02
5/11/2026,22:59:16,5.82E+02
5/11/2026,22:59:18,5.82E+02
5/11/2026,22:59:19,5.81E+02
5/11/2026,22:59:20,5.81E+02
5/11/2026,22:59:21,5.81E+02
5/11/2026,22:59:22,5.80E+02
5/11/2026,22:59:24,5.80E+02
5/11/2026,22:59:25,5.80E+02
5/11/2026,22:59:26,5.80E+02
5/11/2026,22:59:27,5.80E+02
5/11/2026,22:59:29,5.79E+02
5/11/2026,22:59:30,5.79E+02
5/11/2026,22:59:31,5.79E+02
5/11/2026,22:59:33,5.78E+02
5/11/2026,22:59:34,5.78E+02
5/11/2026,22:59:35,5.78E+02
5/11/2026,22:59:37,5.77E+02
5/11/2026,22:59:38,5.77E+02
5/11/2026,22:59:39,5.77E+02
5/11/2026,22:59:41,5.75E+02
5/11/2026,22:59:42,5.75E+02
5/11/2026,22:59:43,5.75E+02
5/11/2026,22:59:44,5.74E+02
5/11/2026,22:59:45,5.74E+02
5/11/2026,22:59:47,5.74E+02
5/11/2026,22:59:48,5.73E+02
5/11/2026,22:59:49,5.72E+02
5/11/2026,22:59:51,5.72E+02
5/11/2026,22:59:52,5.71E+02
5/11/2026,22:59:53,5.71E+02
5/11/2026,22:59:54,5.71E+02
5/11/2026,22:59:56,5.70E+02
5/11/2026,22:59:57,5.70E+02
5/11/2026,22:59:58,5.70E+02
5/11/2026,22:59:59,5.69E+02
5/11/2026,23:00:01,5.68E+02
5/11/2026,23:00:02,5.68E+02
5/11/2026,23:00:03,5.67E+02
5/11/2026,23:00:04,5.66E+02
5/11/2026,23:00:06,5.66E+02
5/11/2026,23:00:07,5.65E+02
5/11/2026,23:00:08,5.64E+02
5/11/2026,23:00:09,5.64E+02
5/11/2026,23:00:11,5.64E+02
5/11/2026,23:00:12,5.63E+02
5/11/2026,23:00:13,5.63E+02
5/11/2026,23:00:15,5.62E+02
5/11/2026,23:00:16,5.61E+02
5/11/2026,23:00:17,5.61E+02
5/11/2026,23:00:19,5.60E+02
5/11/2026,23:00:20,5.60E+02
5/11/2026,23:00:21,5.60E+02
5/11/2026,23:00:22,5.59E+02
5/11/2026,23:00:23,5.58E+02
5/11/2026,23:00:25,5.58E+02
5/11/2026,23:00:26,5.57E+02
5/11/2026,23:00:27,5.56E+02
5/11/2026,23:00:29,5.56E+02
5/11/2026,23:00:30,5.55E+02
5/11/2026,23:00:31,5.55E+02
5/11/2026,23:00:32,5.55E+02
5/11/2026,23:00:34,5.54E+02
5/11/2026,23:00:35,5.53E+02
5/11/2026,23:00:36,5.53E+02
5/11/2026,23:00:37,5.53E+02
5/11/2026,23:00:39,5.52E+02
5/11/2026,23:00:40,5.52E+02
5/11/2026,23:00:41,5.51E+02
5/11/2026,23:00:43,5.50E+02
5/11/2026,23:00:44,5.50E+02
5/11/2026,23:00:45,5.50E+02
5/11/2026,23:00:46,5.49E+02
5/11/2026,23:00:48,5.49E+02
5/11/2026,23:00:49,5.48E+02
5/11/2026,23:00:50,5.48E+02
5/11/2026,23:00:51,5.48E+02
5/11/2026,23:00:53,5.47E+02
5/11/2026,23:00:54,5.47E+02
5/11/2026,23:00:55,5.47E+02
5/11/2026,23:00:57,5.46E+02
5/11/2026,23:00:58,5.45E+02
5/11/2026,23:00:59,5.45E+02
5/11/2026,23:01:00,5.45E+02
5/11/2026,23:01:02,5.44E+02
5/11/2026,23:01:03,5.44E+02
5/11/2026,23:01:04,5.43E+02
5/11/2026,23:01:05,5.43E+02
5/11/2026,23:01:07,5.43E+02
5/11/2026,23:01:08,5.42E+02
5/11/2026,23:01:09,5.42E+02
5/11/2026,23:01:10,5.42E+02
5/11/2026,23:01:12,5.41E+02
5/11/2026,23:01:13,5.41E+02
5/11/2026,23:01:14,5.41E+02
5/11/2026,23:01:16,5.40E+02
5/11/2026,23:01:17,5.40E+02
5/11/2026,23:01:18,5.40E+02
5/11/2026,23:01:20,5.39E+02
5/11/2026,23:01:21,5.39E+02
5/11/2026,23:01:22,5.39E+02
5/11/2026,23:01:23,5.38E+02
5/11/2026,23:01:24,5.37E+02
5/11/2026,23:01:26,5.37E+02
5/11/2026,23:01:27,5.37E+02
5/11/2026,23:01:28,5.36E+02
5/11/2026,23:01:30,5.36E+02
5/11/2026,23:01:31,5.35E+02
5/11/2026,23:01:32,5.35E+02
5/11/2026,23:01:34,5.35E+02
5/11/2026,23:01:35,5.34E+02
5/11/2026,23:01:36,5.34E+02
5/11/2026,23:01:38,5.34E+02
5/11/2026,23:01:39,5.33E+02
5/11/2026,23:01:40,5.32E+02
5/11/2026,23:01:41,5.32E+02
5/11/2026,23:01:43,5.32E+02
5/11/2026,23:01:44,5.31E+02
5/11/2026,23:01:45,5.31E+02
5/11/2026,23:01:46,5.31E+02
5/11/2026,23:01:48,5.31E+02
5/11/2026,23:01:49,5.31E+02
5/11/2026,23:01:50,5.29E+02
5/11/2026,23:01:51,5.29E+02
5/11/2026,23:01:53,5.29E+02
5/11/2026,23:01:54,5.29E+02
5/11/2026,23:01:55,5.28E+02
5/11/2026,23:01:56,5.28E+02
5/11/2026,23:01:58,5.27E+02
5/11/2026,23:01:59,5.27E+02
5/11/2026,23:02:00,5.27E+02
5/11/2026,23:02:01,5.26E+02
5/11/2026,23:02:03,5.26E+02
5/11/2026,23:02:04,5.26E+02
5/11/2026,23:02:05,5.25E+02
5/11/2026,23:02:06,5.25E+02
5/11/2026,23:02:08,5.25E+02
5/11/2026,23:02:09,5.24E+02
5/11/2026,23:02:11,5.23E+02
5/11/2026,23:02:12,5.23E+02
5/11/2026,23:02:13,5.22E+02
5/11/2026,23:02:14,5.22E+02
5/11/2026,23:02:16,5.22E+02
5/11/2026,23:02:17,5.21E+02
5/11/2026,23:02:18,5.21E+02
5/11/2026,23:02:19,5.21E+02
5/11/2026,23:02:21,5.20E+02
5/11/2026,23:02:22,5.20E+02
5/11/2026,23:02:23,5.20E+02
5/11/2026,23:02:24,5.19E+02
5/11/2026,23:02:26,5.19E+02
5/11/2026,23:02:27,5.19E+02
5/11/2026,23:02:28,5.19E+02
5/11/2026,23:02:29,5.18E+02
5/11/2026,23:02:31,5.18E+02
5/11/2026,23:02:32,5.17E+02
5/11/2026,23:02:33,5.17E+02
5/11/2026,23:02:34,5.17E+02
5/11/2026,23:02:36,5.16E+02
5/11/2026,23:02:37,5.16E+02
5/11/2026,23:02:38,5.16E+02
5/11/2026,23:02:40,5.15E+02
5/11/2026,23:02:41,5.15E+02
5/11/2026,23:02:42,5.15E+02
5/11/2026,23:02:43,5.14E+02
5/11/2026,23:02:45,5.14E+02
5/11/2026,23:02:46,5.14E+02
5/11/2026,23:02:47,5.13E+02
5/11/2026,23:02:49,5.13E+02
5/11/2026,23:02:50,5.13E+02
5/11/2026,23:02:51,5.12E+02
5/11/2026,23:02:52,5.12E+02
5/11/2026,23:02:54,5.12E+02
5/11/2026,23:02:55,5.11E+02
5/11/2026,23:02:56,5.11E+02
5/11/2026,23:02:57,5.11E+02
5/11/2026,23:02:59,5.10E+02
5/11/2026,23:03:00,5.10E+02
5/11/2026,23:03:01,5.10E+02
5/11/2026,23:03:03,5.10E+02
5/11/2026,23:03:04,5.09E+02
5/11/2026,23:03:05,5.09E+02
5/11/2026,23:03:06,5.09E+02
5/11/2026,23:03:08,5.08E+02
5/11/2026,23:03:09,5.08E+02
5/11/2026,23:03:10,5.07E+02
5/11/2026,23:03:11,5.07E+02
5/11/2026,23:03:13,5.07E+02
5/11/2026,23:03:14,5.07E+02
5/11/2026,23:03:15,5.07E+02
5/11/2026,23:03:16,5.07E+02
5/11/2026,23:03:18,5.06E+02
5/11/2026,23:03:19,5.06E+02
5/11/2026,23:03:20,5.06E+02
5/11/2026,23:03:22,5.05E+02
5/11/2026,23:03:23,5.05E+02
5/11/2026,23:03:24,5.05E+02
5/11/2026,23:03:26,5.04E+02
5/11/2026,23:03:27,5.04E+02
5/11/2026,23:03:28,5.04E+02
5/11/2026,23:03:30,5.03E+02
5/11/2026,23:03:31,5.03E+02
5/11/2026,23:03:32,5.03E+02
5/11/2026,23:03:33,5.03E+02
5/11/2026,23:03:34,5.02E+02
5/11/2026,23:03:36,5.02E+02
5/11/2026,23:03:37,5.02E+02
5/11/2026,23:03:38,5.02E+02
5/11/2026,23:03:40,5.02E+02
5/11/2026,23:03:41,5.01E+02
5/11/2026,23:03:42,5.01E+02
5/11/2026,23:03:43,5.01E+02
5/11/2026,23:03:45,5.01E+02
5/11/2026,23:03:46,5.01E+02
5/11/2026,23:03:47,5.01E+02
5/11/2026,23:03:48,5.00E+02
5/11/2026,23:03:50,5.00E+02
5/11/2026,23:03:51,5.00E+02
5/11/2026,23:03:52,5.00E+02
5/11/2026,23:03:53,4.99E+02
5/11/2026,23:03:55,4.99E+02
5/11/2026,23:03:56,4.99E+02
5/11/2026,23:03:57,4.99E+02
5/11/2026,23:03:58,4.99E+02
5/11/2026,23:04:00,4.98E+02
5/11/2026,23:04:01,4.98E+02
5/11/2026,23:04:02,4.98E+02
5/11/2026,23:04:04,4.98E+02
5/11/2026,23:04:05,4.97E+02
5/11/2026,23:04:06,4.97E+02
5/11/2026,23:04:08,4.97E+02
5/11/2026,23:04:09,4.97E+02
5/11/2026,23:04:10,4.97E+02
5/11/2026,23:04:11,4.96E+02
5/11/2026,23:04:13,4.96E+02
5/11/2026,23:04:14,4.96E+02
5/11/2026,23:04:15,4.96E+02
5/11/2026,23:04:16,4.96E+02
5/11/2026,23:04:18,4.96E+02
5/11/2026,23:04:19,4.96E+02
5/11/2026,23:04:20,4.95E+02
5/11/2026,23:04:21,4.95E+02
5/11/2026,23:04:23,4.95E+02
5/11/2026,23:04:24,4.95E+02
5/11/2026,23:04:25,4.95E+02
5/11/2026,23:04:26,4.94E+02
5/11/2026,23:04:28,4.95E+02
5/11/2026,23:04:29,4.95E+02
5/11/2026,23:04:30,4.94E+02
5/11/2026,23:04:31,4.94E+02
5/11/2026,23:04:33,4.94E+02
5/11/2026,23:04:34,4.94E+02
5/11/2026,23:04:35,4.94E+02
5/11/2026,23:04:37,4.94E+02
5/11/2026,23:04:38,4.93E+02
5/11/2026,23:04:39,4.93E+02
5/11/2026,23:04:40,4.93E+02
5/11/2026,23:04:42,4.93E+02
5/11/2026,23:04:43,4.93E+02
5/11/2026,23:04:44,4.93E+02
5/11/2026,23:04:46,4.93E+02
5/11/2026,23:04:47,4.93E+02
5/11/2026,23:04:48,4.93E+02
5/11/2026,23:04:49,4.92E+02
5/11/2026,23:04:51,4.92E+02
5/11/2026,23:04:52,4.92E+02
5/11/2026,23:04:53,4.92E+02
5/11/2026,23:04:55,4.92E+02
5/11/2026,23:04:56,4.92E+02
5/11/2026,23:04:57,4.92E+02
5/11/2026,23:04:58,4.92E+02
5/11/2026,23:05:00,4.92E+02
5/11/2026,23:05:01,4.92E+02
5/11/2026,23:05:02,4.91E+02
5/11/2026,23:05:03,4.91E+02
5/11/2026,23:05:05,4.91E+02
5/11/2026,23:05:06,4.91E+02
5/11/2026,23:05:07,4.91E+02
5/11/2026,23:05:08,4.91E+02
5/11/2026,23:05:10,4.91E+02
5/11/2026,23:05:11,4.91E+02
5/11/2026,23:05:12,4.91E+02
5/11/2026,23:05:13,4.91E+02
5/11/2026,23:05:15,4.91E+02
5/11/2026,23:05:16,4.91E+02
5/11/2026,23:05:17,4.91E+02
5/11/2026,23:05:18,4.91E+02
5/11/2026,23:05:20,4.91E+02
5/11/2026,23:05:21,4.90E+02
5/11/2026,23:05:23,4.90E+02
5/11/2026,23:05:24,4.91E+02
5/11/2026,23:05:25,4.91E+02
5/11/2026,23:05:26,4.91E+02
5/11/2026,23:05:28,4.90E+02
5/11/2026,23:05:29,4.90E+02
5/11/2026,23:05:30,4.90E+02
5/11/2026,23:05:32,4.90E+02
5/11/2026,23:05:33,4.90E+02
5/11/2026,23:05:34,4.90E+02
5/11/2026,23:05:35,4.91E+02
5/11/2026,23:05:36,4.90E+02
5/11/2026,23:05:38,4.90E+02
5/11/2026,23:05:39,4.91E+02
5/11/2026,23:05:40,4.91E+02
5/11/2026,23:05:42,4.91E+02
5/11/2026,23:05:43,4.91E+02
5/11/2026,23:05:44,4.91E+02
5/11/2026,23:05:45,4.91E+02
5/11/2026,23:05:47,4.91E+02
5/11/2026,23:05:48,4.91E+02
5/11/2026,23:05:49,4.91E+02
5/11/2026,23:05:50,4.91E+02
5/11/2026,23:05:52,4.91E+02
5/11/2026,23:05:53,4.91E+02
5/11/2026,23:05:54,4.92E+02
5/11/2026,23:05:55,4.92E+02
5/11/2026,23:05:57,4.92E+02
5/11/2026,23:05:58,4.92E+02
5/11/2026,23:05:59,4.92E+02
5/11/2026,23:06:01,4.92E+02
5/11/2026,23:06:02,4.92E+02
5/11/2026,23:06:03,4.93E+02
5/11/2026,23:06:05,4.93E+02
5/11/2026,23:06:06,4.93E+02
5/11/2026,23:06:07,4.93E+02
5/11/2026,23:06:08,4.93E+02
5/11/2026,23:06:10,4.93E+02
5/11/2026,23:06:11,4.94E+02
5/11/2026,23:06:12,4.94E+02
5/11/2026,23:06:13,4.94E+02
5/11/2026,23:06:15,4.94E+02
5/11/2026,23:06:16,4.94E+02
5/11/2026,23:06:17,4.94E+02
5/11/2026,23:06:19,4.94E+02
5/11/2026,23:06:20,4.94E+02
5/11/2026,23:06:21,4.95E+02
5/11/2026,23:06:22,4.95E+02
5/11/2026,23:06:24,4.95E+02
5/11/2026,23:06:25,4.95E+02
5/11/2026,23:06:26,4.96E+02
5/11/2026,23:06:27,4.96E+02
5/11/2026,23:06:29,4.96E+02
5/11/2026,23:06:30,4.96E+02
5/11/2026,23:06:31,4.96E+02
5/11/2026,23:06:32,4.96E+02
5/11/2026,23:06:34,4.97E+02
5/11/2026,23:06:35,4.97E+02
5/11/2026,23:06:37,4.97E+02
5/11/2026,23:06:38,4.97E+02
5/11/2026,23:06:39,4.97E+02
5/11/2026,23:06:40,4.97E+02
5/11/2026,23:06:42,4.98E+02
5/11/2026,23:06:43,4.98E+02
5/11/2026,23:06:44,4.98E+02
5/11/2026,23:06:45,4.98E+02
5/11/2026,23:06:47,4.98E+02
5/11/2026,23:06:48,4.99E+02
5/11/2026,23:06:49,4.99E+02
5/11/2026,23:06:50,4.99E+02
5/11/2026,23:06:52,4.99E+02
5/11/2026,23:06:53,5.00E+02
5/11/2026,23:06:54,5.00E+02
5/11/2026,23:06:56,5.00E+02
5/11/2026,23:06:57,5.01E+02
5/11/2026,23:06:58,5.01E+02
5/11/2026,23:06:59,5.01E+02
5/11/2026,23:07:00,5.02E+02
5/11/2026,23:07:02,5.02E+02
5/11/2026,23:07:03,5.02E+02
5/11/2026,23:07:04,5.03E+02
5/11/2026,23:07:06,5.03E+02
5/11/2026,23:07:07,5.03E+02
5/11/2026,23:07:08,5.04E+02
5/11/2026,23:07:09,5.04E+02
5/11/2026,23:07:11,5.05E+02
5/11/2026,23:07:12,5.06E+02
5/11/2026,23:07:13,5.06E+02
5/11/2026,23:07:15,5.07E+02
5/11/2026,23:07:16,5.07E+02
5/11/2026,23:07:17,5.07E+02
5/11/2026,23:07:19,5.08E+02
5/11/2026,23:07:20,5.09E+02
5/11/2026,23:07:21,5.09E+02
5/11/2026,23:07:22,5.10E+02
5/11/2026,23:07:23,5.11E+02
5/11/2026,23:07:25,5.11E+02
5/11/2026,23:07:26,5.12E+02
5/11/2026,23:07:27,5.13E+02
5/11/2026,23:07:29,5.13E+02
5/11/2026,23:07:30,5.14E+02
5/11/2026,23:07:31,5.15E+02
5/11/2026,23:07:32,5.15E+02
5/11/2026,23:07:34,5.16E+02
5/11/2026,23:07:35,5.17E+02
5/11/2026,23:07:36,5.17E+02
5/11/2026,23:07:37,5.18E+02
5/11/2026,23:07:38,5.19E+02
5/11/2026,23:07:40,5.19E+02
5/11/2026,23:07:41,5.21E+02
5/11/2026,23:07:42,5.22E+02
5/11/2026,23:07:44,5.22E+02
5/11/2026,23:07:45,5.23E+02
5/11/2026,23:07:46,5.24E+02
5/11/2026,23:07:47,5.24E+02
5/11/2026,23:07:49,5.25E+02
5/11/2026,23:07:50,5.26E+02
5/11/2026,23:07:51,5.26E+02
5/11/2026,23:07:53,5.28E+02
5/11/2026,23:07:54,5.28E+02
5/11/2026,23:07:55,5.28E+02
5/11/2026,23:07:57,5.30E+02
5/11/2026,23:07:58,5.31E+02
5/11/2026,23:07:59,5.31E+02
5/11/2026,23:08:00,5.32E+02
5/11/2026,23:08:02,5.32E+02
5/11/2026,23:08:03,5.32E+02
5/11/2026,23:08:04,5.34E+02
5/11/2026,23:08:05,5.35E+02
5/11/2026,23:08:07,5.35E+02
5/11/2026,23:08:08,5.36E+02
5/11/2026,23:08:09,5.36E+02
5/11/2026,23:08:11,5.36E+02
5/11/2026,23:08:12,5.38E+02
5/11/2026,23:08:13,5.38E+02
5/11/2026,23:08:14,5.38E+02
5/11/2026,23:08:16,5.39E+02
5/11/2026,23:08:17,5.40E+02
5/11/2026,23:08:18,5.40E+02
5/11/2026,23:08:20,5.41E+02
5/11/2026,23:08:21,5.41E+02
5/11/2026,23:08:22,5.41E+02
5/11/2026,23:08:23,5.42E+02
5/11/2026,23:08:24,5.43E+02
5/11/2026,23:08:26,5.43E+02
5/11/2026,23:08:27,5.44E+02
5/11/2026,23:08:28,5.44E+02
5/11/2026,23:08:29,5.44E+02
5/11/2026,23:08:31,5.45E+02
5/11/2026,23:08:32,5.45E+02
5/11/2026,23:08:34,5.45E+02
5/11/2026,23:08:35,5.46E+02
5/11/2026,23:08:36,5.46E+02
5/11/2026,23:08:37,5.46E+02
5/11/2026,23:08:39,5.47E+02
5/11/2026,23:08:40,5.47E+02
5/11/2026,23:08:41,5.47E+02
5/11/2026,23:08:43,5.47E+02
5/11/2026,23:08:44,5.48E+02
5/11/2026,23:08:45,5.48E+02
5/11/2026,23:08:46,5.48E+02
5/11/2026,23:08:47,5.48E+02
5/11/2026,23:08:49,5.48E+02
5/11/2026,23:08:50,5.49E+02
5/11/2026,23:08:51,5.49E+02
5/11/2026,23:08:52,5.49E+02
5/11/2026,23:08:54,5.49E+02
5/11/2026,23:08:55,5.49E+02
5/11/2026,23:08:56,5.49E+02
5/11/2026,23:08:58,5.50E+02
5/11/2026,23:08:59,5.49E+02
5/11/2026,23:09:00,5.49E+02
5/11/2026,23:09:01,5.49E+02
5/11/2026,23:09:02,5.50E+02
5/11/2026,23:09:04,5.50E+02
5/11/2026,23:09:05,5.50E+02
5/11/2026,23:09:06,5.50E+02
5/11/2026,23:09:08,5.50E+02
5/11/2026,23:09:09,5.49E+02
5/11/2026,23:09:10,5.50E+02
5/11/2026,23:09:12,5.50E+02
5/11/2026,23:09:13,5.50E+02
5/11/2026,23:09:14,5.50E+02
5/11/2026,23:09:15,5.50E+02
5/11/2026,23:09:17,5.49E+02
5/11/2026,23:09:18,5.50E+02
5/11/2026,23:09:19,5.50E+02
5/11/2026,23:09:21,5.49E+02
5/11/2026,23:09:22,5.49E+02
5/11/2026,23:09:23,5.49E+02
5/11/2026,23:09:24,5.49E+02
5/11/2026,23:09:25,5.49E+02
5/11/2026,23:09:27,5.49E+02
5/11/2026,23:09:28,5.49E+02
5/11/2026,23:09:29,5.49E+02
5/11/2026,23:09:31,5.49E+02
5/11/2026,23:09:32,5.48E+02
5/11/2026,23:09:33,5.49E+02
5/11/2026,23:09:34,5.49E+02
5/11/2026,23:09:36,5.48E+02
5/11/2026,23:09:37,5.48E+02
5/11/2026,23:09:38,5.48E+02
5/11/2026,23:09:39,5.47E+02
5/11/2026,23:09:40,5.47E+02
5/11/2026,23:09:42,5.47E+02
5/11/2026,23:09:43,5.47E+02
5/11/2026,23:09:44,5.47E+02
5/11/2026,23:09:46,5.47E+02
5/11/2026,23:09:47,5.46E+02
5/11/2026,23:09:48,5.46E+02
5/11/2026,23:09:50,5.46E+02
5/11/2026,23:09:51,5.46E+02
5/11/2026,23:09:52,5.46E+02
5/11/2026,23:09:53,5.46E+02
5/11/2026,23:09:55,5.45E+02
5/11/2026,23:09:56,5.45E+02
5/11/2026,23:09:57,5.45E+02
5/11/2026,23:09:59,5.45E+02
5/11/2026,23:10:00,5.44E+02
5/11/2026,23:10:01,5.44E+02
5/11/2026,23:10:02,5.44E+02
5/11/2026,23:10:03,5.44E+02
5/11/2026,23:10:05,5.44E+02
5/11/2026,23:10:06,5.43E+02
5/11/2026,23:10:07,5.43E+02
5/11/2026,23:10:08,5.43E+02
5/11/2026,23:10:10,5.42E+02
5/11/2026,23:10:11,5.42E+02
5/11/2026,23:10:12,5.42E+02
5/11/2026,23:10:14,5.42E+02
5/11/2026,23:10:15,5.42E+02
5/11/2026,23:10:16,5.42E+02
5/11/2026,23:10:17,5.41E+02
5/11/2026,23:10:18,5.41E+02
5/11/2026,23:10:20,5.41E+02
5/11/2026,23:10:21,5.40E+02
5/11/2026,23:10:22,5.40E+02
5/11/2026,23:10:24,5.40E+02
5/11/2026,23:10:25,5.39E+02
5/11/2026,23:10:26,5.39E+02
5/11/2026,23:10:28,5.39E+02
5/11/2026,23:10:29,5.38E+02
5/11/2026,23:10:30,5.38E+02
5/11/2026,23:10:32,5.38E+02
5/11/2026,23:10:33,5.37E+02
5/11/2026,23:10:34,5.37E+02
5/11/2026,23:10:35,5.37E+02
5/11/2026,23:10:37,5.36E+02
5/11/2026,23:10:38,5.36E+02
5/11/2026,23:10:39,5.36E+02
5/11/2026,23:10:40,5.36E+02
5/11/2026,23:10:42,5.36E+02
5/11/2026,23:10:43,5.36E+02
5/11/2026,23:10:44,5.35E+02
5/11/2026,23:10:45,5.35E+02
5/11/2026,23:10:47,5.35E+02
5/11/2026,23:10:48,5.34E+02
5/11/2026,23:10:49,5.34E+02
5/11/2026,23:10:50,5.34E+02
5/11/2026,23:10:52,5.33E+02
5/11/2026,23:10:53,5.33E+02
5/11/2026,23:10:54,5.33E+02
5/11/2026,23:10:55,5.32E+02
5/11/2026,23:10:57,5.32E+02
5/11/2026,23:10:58,5.32E+02
5/11/2026,23:10:59,5.31E+02
5/11/2026,23:11:01,5.31E+02
5/11/2026,23:11:02,5.31E+02
5/11/2026,23:11:03,5.30E+02
5/11/2026,23:11:04,5.30E+02
5/11/2026,23:11:06,5.30E+02
5/11/2026,23:11:07,5.29E+02
5/11/2026,23:11:08,5.29E+02
5/11/2026,23:11:10,5.29E+02
5/11/2026,23:11:11,5.29E+02
5/11/2026,23:11:12,5.28E+02
5/11/2026,23:11:13,5.28E+02
5/11/2026,23:11:15,5.27E+02
5/11/2026,23:11:16,5.27E+02
5/11/2026,23:11:17,5.27E+02
5/11/2026,23:11:18,5.27E+02
5/11/2026,23:11:20,5.27E+02
5/11/2026,23:11:21,5.27E+02
5/11/2026,23:11:22,5.26E+02
5/11/2026,23:11:23,5.26E+02
5/11/2026,23:11:25,5.26E+02
5/11/2026,23:11:26,5.25E+02
5/11/2026,23:11:27,5.24E+02
5/11/2026,23:11:28,5.24E+02
5/11/2026,23:11:30,5.24E+02
5/11/2026,23:11:31,5.24E+02
5/11/2026,23:11:32,5.24E+02
5/11/2026,23:11:33,5.23E+02
5/11/2026,23:11:35,5.23E+02
5/11/2026,23:11:36,5.23E+02
5/11/2026,23:11:37,5.22E+02
5/11/2026,23:11:39,5.22E+02
5/11/2026,23:11:40,5.22E+02
5/11/2026,23:11:41,5.21E+02
5/11/2026,23:11:43,5.21E+02
5/11/2026,23:11:44,5.21E+02
5/11/2026,23:11:45,5.20E+02
5/11/2026,23:11:46,5.20E+02
5/11/2026,23:11:48,5.20E+02
5/11/2026,23:11:49,5.20E+02
5/11/2026,23:11:50,5.20E+02
5/11/2026,23:11:51,5.20E+02
5/11/2026,23:11:53,5.19E+02
5/11/2026,23:11:54,5.18E+02
5/11/2026,23:11:55,5.18E+02
5/11/2026,23:11:56,5.18E+02
5/11/2026,23:11:58,5.18E+02
5/11/2026,23:11:59,5.18E+02
5/11/2026,23:12:00,5.17E+02
5/11/2026,23:12:01,5.17E+02
5/11/2026,23:12:03,5.17E+02
5/11/2026,23:12:04,5.16E+02
5/11/2026,23:12:05,5.16E+02
5/11/2026,23:12:06,5.16E+02
5/11/2026,23:12:08,5.15E+02
5/11/2026,23:12:09,5.15E+02
5/11/2026,23:12:10,5.15E+02
5/11/2026,23:12:11,5.14E+02
5/11/2026,23:12:12,5.15E+02
5/11/2026,23:12:14,5.15E+02
5/11/2026,23:12:15,5.14E+02
5/11/2026,23:12:16,5.14E+02
5/11/2026,23:12:18,5.14E+02
5/11/2026,23:12:19,5.13E+02
5/11/2026,23:12:20,5.13E+02
5/11/2026,23:12:22,5.13E+02
5/11/2026,23:12:23,5.12E+02
5/11/2026,23:12:24,5.12E+02
5/11/2026,23:12:26,5.12E+02
5/11/2026,23:12:27,5.11E+02
5/11/2026,23:12:28,5.11E+02
5/11/2026,23:12:29,5.11E+02
5/11/2026,23:12:31,5.11E+02
5/11/2026,23:12:32,5.11E+02
5/11/2026,23:12:33,5.11E+02
5/11/2026,23:12:34,5.10E+02
5/11/2026,23:12:36,5.10E+02
5/11/2026,23:12:37,5.10E+02
5/11/2026,23:12:38,5.09E+02
5/11/2026,23:12:40,5.09E+02
5/11/2026,23:12:41,5.09E+02
5/11/2026,23:12:42,5.08E+02
5/11/2026,23:12:43,5.08E+02
5/11/2026,23:12:45,5.08E+02
5/11/2026,23:12:46,5.07E+02
5/11/2026,23:12:47,5.08E+02
5/11/2026,23:12:48,5.08E+02
5/11/2026,23:12:50,5.07E+02
5/11/2026,23:12:51,5.07E+02
5/11/2026,23:12:52,5.07E+02
5/11/2026,23:12:53,5.07E+02
5/11/2026,23:12:55,5.06E+02
5/11/2026,23:12:56,5.06E+02
5/11/2026,23:12:57,5.06E+02
5/11/2026,23:12:59,5.05E+02
5/11/2026,23:13:00,5.05E+02
5/11/2026,23:13:01,5.05E+02
5/11/2026,23:13:02,5.05E+02
5/11/2026,23:13:04,5.05E+02
5/11/2026,23:13:05,5.04E+02
5/11/2026,23:13:06,5.04E+02
5/11/2026,23:13:07,5.04E+02
5/11/2026,23:13:09,5.04E+02
5/11/2026,23:13:10,5.03E+02
5/11/2026,23:13:11,5.03E+02
5/11/2026,23:13:13,5.03E+02
5/11/2026,23:13:14,5.03E+02
5/11/2026,23:13:15,5.03E+02
5/11/2026,23:13:16,5.03E+02
5/11/2026,23:13:18,5.02E+02
5/11/2026,23:13:19,5.02E+02
5/11/2026,23:13:20,5.02E+02
5/11/2026,23:13:21,5.02E+02
5/11/2026,23:13:23,5.02E+02
5/11/2026,23:13:24,5.01E+02
5/11/2026,23:13:25,5.01E+02
5/11/2026,23:13:26,5.02E+02
5/11/2026,23:13:28,5.01E+02
5/11/2026,23:13:29,5.01E+02
5/11/2026,23:13:30,5.01E+02
5/11/2026,23:13:32,5.01E+02
5/11/2026,23:13:33,5.01E+02
5/11/2026,23:13:34,5.01E+02
5/11/2026,23:13:36,5.00E+02
5/11/2026,23:13:37,5.00E+02
5/11/2026,23:13:38,5.00E+02
5/11/2026,23:13:39,5.00E+02
5/11/2026,23:13:41,5.00E+02
5/11/2026,23:13:42,5.00E+02
5/11/2026,23:13:43,4.99E+02
5/11/2026,23:13:44,5.00E+02
5/11/2026,23:13:46,5.00E+02
5/11/2026,23:13:47,4.99E+02
5/11/2026,23:13:48,4.99E+02
5/11/2026,23:13:49,4.99E+02
5/11/2026,23:13:51,4.99E+02
5/11/2026,23:13:52,4.99E+02
5/11/2026,23:13:53,4.99E+02
5/11/2026,23:13:55,4.99E+02
5/11/2026,23:13:56,4.99E+02
5/11/2026,23:13:57,4.99E+02
5/11/2026,23:13:58,4.98E+02
5/11/2026,23:13:59,4.98E+02
5/11/2026,23:14:01,4.98E+02
5/11/2026,23:14:02,4.98E+02
5/11/2026,23:14:03,4.98E+02
5/11/2026,23:14:04,4.98E+02
5/11/2026,23:14:06,4.98E+02
5/11/2026,23:14:07,4.98E+02
5/11/2026,23:14:08,4.98E+02
5/11/2026,23:14:10,4.98E+02
5/11/2026,23:14:11,4.98E+02
5/11/2026,23:14:12,4.98E+02
5/11/2026,23:14:14,4.97E+02
5/11/2026,23:14:15,4.97E+02
5/11/2026,23:14:16,4.97E+02
5/11/2026,23:14:18,4.97E+02
5/11/2026,23:14:19,4.97E+02
5/11/2026,23:14:20,4.97E+02
5/11/2026,23:14:21,4.97E+02
5/11/2026,23:14:22,4.97E+02
5/11/2026,23:14:24,4.97E+02
5/11/2026,23:14:25,4.97E+02
5/11/2026,23:14:26,4.97E+02
5/11/2026,23:14:28,4.97E+02
5/11/2026,23:14:29,4.97E+02
5/11/2026,23:14:30,4.96E+02
5/11/2026,23:14:31,4.96E+02
5/11/2026,23:14:33,4.97E+02
5/11/2026,23:14:34,4.96E+02
5/11/2026,23:14:35,4.96E+02
5/11/2026,23:14:36,4.96E+02
5/11/2026,23:14:37,4.96E+02
5/11/2026,23:14:39,4.96E+02
5/11/2026,23:14:40,4.96E+02
5/11/2026,23:14:41,4.96E+02
5/11/2026,23:14:43,4.96E+02
5/11/2026,23:14:44,4.96E+02
5/11/2026,23:14:45,4.96E+02
5/11/2026,23:14:46,4.96E+02
5/11/2026,23:14:48,4.95E+02
5/11/2026,23:14:49,4.95E+02
5/11/2026,23:14:50,4.95E+02
5/11/2026,23:14:52,4.95E+02
5/11/2026,23:14:53,4.95E+02
5/11/2026,23:14:54,4.95E+02
5/11/2026,23:14:56,4.95E+02
5/11/2026,23:14:57,4.94E+02
5/11/2026,23:14:58,4.94E+02
5/11/2026,23:14:59,4.95E+02
5/11/2026,23:15:00,4.95E+02
5/11/2026,23:15:02,4.95E+02
5/11/2026,23:15:03,4.94E+02
5/11/2026,23:15:04,4.94E+02
5/11/2026,23:15:06,4.94E+02
5/11/2026,23:15:07,4.94E+02
5/11/2026,23:15:08,4.94E+02
5/11/2026,23:15:09,4.94E+02
5/11/2026,23:15:11,4.94E+02
5/11/2026,23:15:12,4.94E+02
5/11/2026,23:15:13,4.94E+02
5/11/2026,23:15:14,4.94E+02
5/11/2026,23:15:16,4.93E+02
5/11/2026,23:15:17,4.93E+02
5/11/2026,23:15:18,4.93E+02
5/11/2026,23:15:20,4.93E+02
5/11/2026,23:15:21,4.93E+02
5/11/2026,23:15:22,4.93E+02
5/11/2026,23:15:23,4.93E+02
5/11/2026,23:15:25,4.93E+02
5/11/2026,23:15:26,4.93E+02
5/11/2026,23:15:27,4.93E+02
5/11/2026,23:15:28,4.93E+02
5/11/2026,23:15:30,4.92E+02
5/11/2026,23:15:31,4.92E+02
5/11/2026,23:15:33,4.92E+02
5/11/2026,23:15:34,4.92E+02
5/11/2026,23:15:35,4.92E+02
5/11/2026,23:15:36,4.92E+02
5/11/2026,23:15:38,4.92E+02
5/11/2026,23:15:39,4.92E+02
5/11/2026,23:15:40,4.92E+02
5/11/2026,23:15:42,4.92E+02
5/11/2026,23:15:43,4.92E+02
5/11/2026,23:15:44,4.92E+02
5/11/2026,23:15:45,4.92E+02
5/11/2026,23:15:46,4.91E+02
5/11/2026,23:15:48,4.91E+02
5/11/2026,23:15:49,4.91E+02
5/11/2026,23:15:50,4.91E+02
5/11/2026,23:15:52,4.91E+02
5/11/2026,23:15:53,4.91E+02
5/11/2026,23:15:54,4.91E+02
5/11/2026,23:15:55,4.91E+02
5/11/2026,23:15:57,4.91E+02
5/11/2026,23:15:58,4.91E+02
5/11/2026,23:15:59,4.91E+02
5/11/2026,23:16:00,4.91E+02
5/11/2026,23:16:02,4.90E+02
5/11/2026,23:16:03,4.90E+02
5/11/2026,23:16:04,4.91E+02
5/11/2026,23:16:06,4.90E+02
5/11/2026,23:16:07,4.90E+02
5/11/2026,23:16:08,4.90E+02
5/11/2026,23:16:09,4.90E+02
5/11/2026,23:16:11,4.90E+02
5/11/2026,23:16:12,4.90E+02
5/11/2026,23:16:13,4.90E+02
5/11/2026,23:16:15,4.90E+02
5/11/2026,23:16:16,4.90E+02
5/11/2026,23:16:17,4.90E+02
5/11/2026,23:16:18,4.90E+02
5/11/2026,23:16:20,4.89E+02
5/11/2026,23:16:21,4.90E+02
5/11/2026,23:16:22,4.90E+02
5/11/2026,23:16:23,4.89E+02
5/11/2026,23:16:25,4.89E+02
5/11/2026,23:16:26,4.89E+02
5/11/2026,23:16:27,4.89E+02
5/11/2026,23:16:29,4.89E+02
5/11/2026,23:16:30,4.89E+02
5/11/2026,23:16:31,4.89E+02
5/11/2026,23:16:32,4.89E+02
5/11/2026,23:16:34,4.89E+02
5/11/2026,23:16:35,4.89E+02
5/11/2026,23:16:36,4.89E+02
5/11/2026,23:16:37,4.89E+02
5/11/2026,23:16:39,4.89E+02
5/11/2026,23:16:40,4.88E+02
5/11/2026,23:16:41,4.88E+02
5/11/2026,23:16:42,4.88E+02
5/11/2026,23:16:44,4.89E+02
5/11/2026,23:16:45,4.89E+02
5/11/2026,23:16:46,4.88E+02
5/11/2026,23:16:48,4.88E+02
5/11/2026,23:16:49,4.88E+02
5/11/2026,23:16:50,4.88E+02
5/11/2026,23:16:52,4.88E+02
5/11/2026,23:16:53,4.88E+02
5/11/2026,23:16:54,4.88E+02
5/11/2026,23:16:55,4.88E+02
5/11/2026,23:16:57,4.88E+02
5/11/2026,23:16:58,4.88E+02
5/11/2026,23:16:59,4.88E+02
5/11/2026,23:17:00,4.88E+02
5/11/2026,23:17:02,4.88E+02
5/11/2026,23:17:03,4.88E+02
5/11/2026,23:17:04,4.88E+02
5/11/2026,23:17:06,4.88E+02
5/11/2026,23:17:07,4.88E+02
5/11/2026,23:17:08,4.88E+02
5/11/2026,23:17:09,4.88E+02
5/11/2026,23:17:10,4.88E+02
5/11/2026,23:17:12,4.88E+02
5/11/2026,23:17:13,4.88E+02
5/11/2026,23:17:14,4.87E+02
5/11/2026,23:17:15,4.87E+02
5/11/2026,23:17:17,4.87E+02
5/11/2026,23:17:18,4.87E+02
5/11/2026,23:17:19,4.87E+02
5/11/2026,23:17:21,4.87E+02
5/11/2026,23:17:22,4.87E+02
5/11/2026,23:17:23,4.87E+02
5/11/2026,23:17:25,4.87E+02
5/11/2026,23:17:26,4.88E+02
5/11/2026,23:17:27,4.88E+02
5/11/2026,23:17:29,4.88E+02
5/11/2026,23:17:30,4.87E+02
5/11/2026,23:17:31,4.87E+02
5/11/2026,23:17:32,4.88E+02
5/11/2026,23:17:33,4.88E+02
5/11/2026,23:17:35,4.88E+02
5/11/2026,23:17:36,4.88E+02
5/11/2026,23:17:37,4.88E+02
5/11/2026,23:17:38,4.88E+02
5/11/2026,23:17:40,4.89E+02
5/11/2026,23:17:41,4.89E+02
5/11/2026,23:17:42,4.89E+02
5/11/2026,23:17:44,4.90E+02
5/11/2026,23:17:45,4.91E+02
5/11/2026,23:17:46,4.91E+02
5/11/2026,23:17:47,4.92E+02
5/11/2026,23:17:48,4.93E+02
5/11/2026,23:17:50,4.93E+02
5/11/2026,23:17:51,4.94E+02
5/11/2026,23:17:52,4.95E+02
5/11/2026,23:17:53,4.95E+02
5/11/2026,23:17:55,4.97E+02
5/11/2026,23:17:56,4.98E+02
5/11/2026,23:17:57,4.98E+02
5/11/2026,23:17:58,5.02E+02
5/11/2026,23:18:00,5.03E+02
5/11/2026,23:18:01,5.03E+02
5/11/2026,23:18:03,5.07E+02
5/11/2026,23:18:04,5.08E+02
5/11/2026,23:18:05,5.08E+02
5/11/2026,23:18:06,5.13E+02
5/11/2026,23:18:08,5.15E+02
5/11/2026,23:18:09,5.15E+02
5/11/2026,23:18:10,5.19E+02
5/11/2026,23:18:11,5.22E+02
5/11/2026,23:18:12,5.22E+02
5/11/2026,23:18:14,5.28E+02
5/11/2026,23:18:15,5.30E+02
5/11/2026,23:18:16,5.30E+02
5/11/2026,23:18:18,5.36E+02
5/11/2026,23:18:19,5.39E+02
5/11/2026,23:18:20,5.39E+02
5/11/2026,23:18:22,5.47E+02
5/11/2026,23:18:23,5.49E+02
5/11/2026,23:18:24,5.49E+02
5/11/2026,23:18:25,5.56E+02
5/11/2026,23:18:26,5.60E+02
5/11/2026,23:18:28,5.60E+02
5/11/2026,23:18:29,5.68E+02
5/11/2026,23:18:30,5.72E+02
5/11/2026,23:18:31,5.72E+02
5/11/2026,23:18:33,5.79E+02
5/11/2026,23:18:34,5.83E+02
5/11/2026,23:18:35,5.83E+02
5/11/2026,23:18:37,5.92E+02
5/11/2026,23:18:38,5.96E+02
5/11/2026,23:18:39,5.96E+02
5/11/2026,23:18:41,6.05E+02
5/11/2026,23:18:42,6.09E+02
5/11/2026,23:18:43,6.09E+02
5/11/2026,23:18:45,6.19E+02
5/11/2026,23:18:46,6.23E+02
5/11/2026,23:18:47,6.23E+02
5/11/2026,23:18:48,6.31E+02
5/11/2026,23:18:49,6.35E+02
5/11/2026,23:18:51,6.35E+02
5/11/2026,23:18:52,6.44E+02
5/11/2026,23:18:53,6.48E+02
5/11/2026,23:18:55,6.48E+02
5/11/2026,23:18:56,6.56E+02
5/11/2026,23:18:57,6.60E+02
5/11/2026,23:18:58,6.60E+02
5/11/2026,23:19:00,6.69E+02
5/11/2026,23:19:01,6.72E+02
5/11/2026,23:19:02,6.72E+02
5/11/2026,23:19:03,6.80E+02
5/11/2026,23:19:05,6.83E+02
5/11/2026,23:19:06,6.83E+02
5/11/2026,23:19:07,6.91E+02
5/11/2026,23:19:09,6.94E+02
5/11/2026,23:19:10,6.94E+02
5/11/2026,23:19:11,7.00E+02
5/11/2026,23:19:12,7.04E+02
5/11/2026,23:19:14,7.04E+02
5/11/2026,23:19:15,7.11E+02
5/11/2026,23:19:16,7.14E+02
5/11/2026,23:19:17,7.14E+02
5/11/2026,23:19:19,7.21E+02
5/11/2026,23:19:20,7.23E+02
5/11/2026,23:19:22,7.23E+02
5/11/2026,23:19:23,7.29E+02
5/11/2026,23:19:24,7.32E+02
5/11/2026,23:19:25,7.32E+02
5/11/2026,23:19:27,7.36E+02
5/11/2026,23:19:28,7.38E+02
5/11/2026,23:19:29,7.38E+02
5/11/2026,23:19:31,7.43E+02
5/11/2026,23:19:32,7.45E+02
5/11/2026,23:19:33,7.45E+02
5/11/2026,23:19:34,7.49E+02
5/11/2026,23:19:35,7.51E+02
5/11/2026,23:19:37,7.51E+02
5/11/2026,23:19:38,7.54E+02
5/11/2026,23:19:39,7.56E+02
5/11/2026,23:19:40,7.56E+02
5/11/2026,23:19:42,7.58E+02
5/11/2026,23:19:43,7.60E+02
5/11/2026,23:19:44,7.60E+02
5/11/2026,23:19:46,7.62E+02
5/11/2026,23:19:47,7.64E+02
5/11/2026,23:19:48,7.64E+02
5/11/2026,23:19:49,7.66E+02
5/11/2026,23:19:50,7.66E+02
5/11/2026,23:19:52,7.66E+02
5/11/2026,23:19:53,7.68E+02
5/11/2026,23:19:54,7.69E+02
5/11/2026,23:19:56,7.69E+02
5/11/2026,23:19:57,7.70E+02
5/11/2026,23:19:58,7.71E+02
5/11/2026,23:20:00,7.71E+02
5/11/2026,23:20:01,7.72E+02
5/11/2026,23:20:02,7.72E+02
5/11/2026,23:20:04,7.72E+02
5/11/2026,23:20:05,7.73E+02
5/11/2026,23:20:06,7.73E+02
5/11/2026,23:20:07,7.73E+02
5/11/2026,23:20:09,7.73E+02
5/11/2026,23:20:10,7.73E+02
5/11/2026,23:20:11,7.73E+02
5/11/2026,23:20:12,7.73E+02
5/11/2026,23:20:13,7.73E+02
5/11/2026,23:20:15,7.73E+02
5/11/2026,23:20:16,7.73E+02
5/11/2026,23:20:17,7.72E+02
5/11/2026,23:20:19,7.72E+02
5/11/2026,23:20:20,7.72E+02
5/11/2026,23:20:21,7.71E+02
5/11/2026,23:20:22,7.71E+02
5/11/2026,23:20:24,7.71E+02
5/11/2026,23:20:25,7.70E+02
5/11/2026,23:20:26,7.70E+02
5/11/2026,23:20:27,7.68E+02
5/11/2026,23:20:29,7.68E+02
5/11/2026,23:20:30,7.68E+02
5/11/2026,23:20:31,7.67E+02
5/11/2026,23:20:32,7.66E+02
5/11/2026,23:20:34,7.66E+02
5/11/2026,23:20:35,7.64E+02
5/11/2026,23:20:36,7.63E+02
5/11/2026,23:20:38,7.63E+02
5/11/2026,23:20:39,7.61E+02
5/11/2026,23:20:40,7.61E+02
5/11/2026,23:20:42,7.61E+02
5/11/2026,23:20:43,7.59E+02
5/11/2026,23:20:44,7.58E+02
5/11/2026,23:20:45,7.58E+02
5/11/2026,23:20:47,7.55E+02
5/11/2026,23:20:48,7.54E+02
5/11/2026,23:20:49,7.54E+02
5/11/2026,23:20:50,7.52E+02
5/11/2026,23:20:52,7.51E+02
5/11/2026,23:20:53,7.51E+02
5/11/2026,23:20:54,7.48E+02
5/11/2026,23:20:56,7.48E+02
5/11/2026,23:20:57,7.48E+02
5/11/2026,23:20:58,7.45E+02
5/11/2026,23:20:59,7.43E+02
5/11/2026,23:21:01,7.43E+02
5/11/2026,23:21:02,7.41E+02
5/11/2026,23:21:03,7.40E+02
5/11/2026,23:21:04,7.40E+02
5/11/2026,23:21:06,7.37E+02
5/11/2026,23:21:07,7.36E+02
5/11/2026,23:21:08,7.36E+02
5/11/2026,23:21:09,7.33E+02
5/11/2026,23:21:11,7.31E+02
5/11/2026,23:21:12,7.31E+02
5/11/2026,23:21:13,7.28E+02
5/11/2026,23:21:15,7.27E+02
5/11/2026,23:21:16,7.27E+02
5/11/2026,23:21:17,7.24E+02
5/11/2026,23:21:19,7.23E+02
5/11/2026,23:21:20,7.23E+02
5/11/2026,23:21:21,7.20E+02
5/11/2026,23:21:22,7.18E+02
5/11/2026,23:21:24,7.18E+02
5/11/2026,23:21:25,7.15E+02
5/11/2026,23:21:26,7.14E+02
5/11/2026,23:21:27,7.14E+02
5/11/2026,23:21:29,7.11E+02
5/11/2026,23:21:30,7.09E+02
5/11/2026,23:21:31,7.09E+02
5/11/2026,23:21:33,7.06E+02
5/11/2026,23:21:34,7.04E+02
5/11/2026,23:21:35,7.04E+02
5/11/2026,23:21:36,7.02E+02
5/11/2026,23:21:37,7.00E+02
5/11/2026,23:21:39,7.00E+02
5/11/2026,23:21:40,6.97E+02
5/11/2026,23:21:41,6.95E+02
5/11/2026,23:21:43,6.95E+02
5/11/2026,23:21:44,6.92E+02
5/11/2026,23:21:45,6.91E+02
5/11/2026,23:21:46,6.91E+02
5/11/2026,23:21:48,6.88E+02
5/11/2026,23:21:49,6.86E+02
5/11/2026,23:21:50,6.86E+02
5/11/2026,23:21:52,6.83E+02
5/11/2026,23:21:53,6.82E+02
5/11/2026,23:21:54,6.82E+02
5/11/2026,23:21:56,6.78E+02
5/11/2026,23:21:57,6.77E+02
5/11/2026,23:21:58,6.77E+02
5/11/2026,23:21:59,6.74E+02
5/11/2026,23:22:00,6.73E+02
5/11/2026,23:22:02,6.73E+02
5/11/2026,23:22:03,6.69E+02
5/11/2026,23:22:04,6.68E+02
5/11/2026,23:22:06,6.68E+02
5/11/2026,23:22:07,6.65E+02
5/11/2026,23:22:08,6.63E+02
5/11/2026,23:22:09,6.63E+02
5/11/2026,23:22:11,6.60E+02
5/11/2026,23:22:12,6.59E+02
5/11/2026,23:22:13,6.59E+02
5/11/2026,23:22:14,6.56E+02
5/11/2026,23:22:16,6.54E+02
5/11/2026,23:22:17,6.54E+02
5/11/2026,23:22:18,6.52E+02
5/11/2026,23:22:19,6.50E+02
5/11/2026,23:22:21,6.50E+02
5/11/2026,23:22:22,6.47E+02
5/11/2026,23:22:23,6.46E+02
5/11/2026,23:22:24,6.46E+02
5/11/2026,23:22:26,6.44E+02
5/11/2026,23:22:27,6.42E+02
5/11/2026,23:22:28,6.42E+02
5/11/2026,23:22:30,6.39E+02
5/11/2026,23:22:31,6.38E+02
5/11/2026,23:22:32,6.38E+02
5/11/2026,23:22:34,6.34E+02
5/11/2026,23:22:35,6.33E+02
5/11/2026,23:22:36,6.33E+02
5/11/2026,23:22:38,6.31E+02
5/11/2026,23:22:39,6.30E+02
5/11/2026,23:22:40,6.30E+02
5/11/2026,23:22:41,6.26E+02
5/11/2026,23:22:43,6.25E+02
5/11/2026,23:22:44,6.25E+02
5/11/2026,23:22:45,6.22E+02
5/11/2026,23:22:46,6.21E+02
5/11/2026,23:22:48,6.21E+02
5/11/2026,23:22:49,6.19E+02
5/11/2026,23:22:50,6.17E+02
5/11/2026,23:22:51,6.17E+02
5/11/2026,23:22:53,6.15E+02
5/11/2026,23:22:54,6.14E+02
5/11/2026,23:22:55,6.14E+02
5/11/2026,23:22:56,6.11E+02
5/11/2026,23:22:58,6.10E+02
5/11/2026,23:22:59,6.10E+02
5/11/2026,23:23:00,6.07E+02
5/11/2026,23:23:01,6.06E+02
5/11/2026,23:23:03,6.06E+02
5/11/2026,23:23:04,6.04E+02
5/11/2026,23:23:05,6.03E+02
5/11/2026,23:23:06,6.03E+02
5/11/2026,23:23:08,6.00E+02
5/11/2026,23:23:09,5.99E+02
5/11/2026,23:23:11,5.99E+02
5/11/2026,23:23:12,5.97E+02
5/11/2026,23:23:13,5.95E+02
5/11/2026,23:23:14,5.95E+02
5/11/2026,23:23:16,5.93E+02
5/11/2026,23:23:17,5.92E+02
5/11/2026,23:23:18,5.92E+02
5/11/2026,23:23:19,5.90E+02
5/11/2026,23:23:21,5.89E+02
5/11/2026,23:23:22,5.89E+02
5/11/2026,23:23:23,5.86E+02
5/11/2026,23:23:24,5.85E+02
5/11/2026,23:23:26,5.85E+02
5/11/2026,23:23:27,5.84E+02
5/11/2026,23:23:28,5.83E+02
5/11/2026,23:23:29,5.83E+02
5/11/2026,23:23:30,5.80E+02
5/11/2026,23:23:32,5.79E+02
5/11/2026,23:23:33,5.79E+02
5/11/2026,23:23:34,5.77E+02
5/11/2026,23:23:35,5.76E+02
5/11/2026,23:23:37,5.76E+02
5/11/2026,23:23:38,5.74E+02
5/11/2026,23:23:39,5.73E+02
5/11/2026,23:23:40,5.73E+02
5/11/2026,23:23:42,5.71E+02
5/11/2026,23:23:43,5.70E+02
5/11/2026,23:23:44,5.70E+02
5/11/2026,23:23:46,5.68E+02
5/11/2026,23:23:47,5.67E+02
5/11/2026,23:23:48,5.67E+02
5/11/2026,23:23:50,5.65E+02
5/11/2026,23:23:51,5.64E+02
5/11/2026,23:23:52,5.64E+02
5/11/2026,23:23:53,5.62E+02
5/11/2026,23:23:54,5.62E+02
5/11/2026,23:23:56,5.62E+02
5/11/2026,23:23:57,5.60E+02
5/11/2026,23:23:58,5.59E+02
5/11/2026,23:24:00,5.59E+02
5/11/2026,23:24:01,5.57E+02
5/11/2026,23:24:02,5.56E+02
5/11/2026,23:24:03,5.56E+02
5/11/2026,23:24:05,5.55E+02
5/11/2026,23:24:06,5.54E+02
5/11/2026,23:24:07,5.54E+02
5/11/2026,23:24:08,5.52E+02
5/11/2026,23:24:09,5.51E+02
5/11/2026,23:24:11,5.51E+02
5/11/2026,23:24:12,5.50E+02
5/11/2026,23:24:13,5.49E+02
5/11/2026,23:24:15,5.49E+02
5/11/2026,23:24:16,5.47E+02
5/11/2026,23:24:17,5.47E+02
5/11/2026,23:24:18,5.47E+02
5/11/2026,23:24:20,5.45E+02
5/11/2026,23:24:21,5.44E+02
5/11/2026,23:24:22,5.44E+02
5/11/2026,23:24:24,5.42E+02
5/11/2026,23:24:25,5.42E+02
5/11/2026,23:24:26,5.42E+02
5/11/2026,23:24:27,5.40E+02
5/11/2026,23:24:29,5.39E+02
5/11/2026,23:24:30,5.39E+02
5/11/2026,23:24:31,5.38E+02
5/11/2026,23:24:32,5.37E+02
5/11/2026,23:24:34,5.37E+02
5/11/2026,23:24:35,5.36E+02
5/11/2026,23:24:36,5.35E+02
5/11/2026,23:24:37,5.35E+02
5/11/2026,23:24:39,5.34E+02
5/11/2026,23:24:40,5.33E+02
5/11/2026,23:24:41,5.33E+02
5/11/2026,23:24:43,5.32E+02
5/11/2026,23:24:44,5.31E+02
5/11/2026,23:24:45,5.31E+02
5/11/2026,23:24:46,5.30E+02
5/11/2026,23:24:47,5.29E+02
5/11/2026,23:24:49,5.29E+02
5/11/2026,23:24:50,5.28E+02
5/11/2026,23:24:51,5.27E+02
5/11/2026,23:24:52,5.27E+02
5/11/2026,23:24:54,5.26E+02
5/11/2026,23:24:55,5.25E+02
5/11/2026,23:24:56,5.25E+02
5/11/2026,23:24:58,5.24E+02
5/11/2026,23:24:59,5.23E+02
5/11/2026,23:25:00,5.23E+02
5/11/2026,23:25:02,5.22E+02
5/11/2026,23:25:03,5.21E+02
5/11/2026,23:25:04,5.21E+02
5/11/2026,23:25:05,5.20E+02
5/11/2026,23:25:07,5.20E+02
5/11/2026,23:25:08,5.20E+02
5/11/2026,23:25:09,5.18E+02
5/11/2026,23:25:10,5.18E+02
5/11/2026,23:25:12,5.18E+02
5/11/2026,23:25:13,5.17E+02
5/11/2026,23:25:14,5.16E+02
5/11/2026,23:25:15,5.16E+02
5/11/2026,23:25:17,5.15E+02
5/11/2026,23:25:18,5.15E+02
5/11/2026,23:25:19,5.15E+02
5/11/2026,23:25:21,5.13E+02
5/11/2026,23:25:22,5.13E+02
5/11/2026,23:25:23,5.13E+02
5/11/2026,23:25:24,5.12E+02
5/11/2026,23:25:25,5.12E+02
5/11/2026,23:25:27,5.12E+02
5/11/2026,23:25:28,5.11E+02
5/11/2026,23:25:29,5.10E+02
5/11/2026,23:25:31,5.10E+02
5/11/2026,23:25:32,5.09E+02
5/11/2026,23:25:33,5.08E+02
5/11/2026,23:25:34,5.08E+02
5/11/2026,23:25:36,5.08E+02
5/11/2026,23:25:37,5.07E+02
5/11/2026,23:25:38,5.07E+02
5/11/2026,23:25:40,5.06E+02
5/11/2026,23:25:41,5.06E+02
5/11/2026,23:25:42,5.06E+02
5/11/2026,23:25:44,5.05E+02
5/11/2026,23:25:45,5.04E+02
5/11/2026,23:25:46,5.04E+02
5/11/2026,23:25:47,5.03E+02
5/11/2026,23:25:48,5.03E+02
5/11/2026,23:25:50,5.03E+02
5/11/2026,23:25:51,5.02E+02
5/11/2026,23:25:52,5.02E+02
5/11/2026,23:25:54,5.02E+02
5/11/2026,23:25:55,5.01E+02
5/11/2026,23:25:56,5.00E+02
5/11/2026,23:25:57,5.00E+02
5/11/2026,23:25:59,5.00E+02
5/11/2026,23:26:00,4.99E+02
5/11/2026,23:26:01,4.99E+02
5/11/2026,23:26:02,4.98E+02
5/11/2026,23:26:03,4.98E+02
5/11/2026,23:26:05,4.98E+02
5/11/2026,23:26:06,4.97E+02
5/11/2026,23:26:07,4.97E+02
5/11/2026,23:26:09,4.97E+02
5/11/2026,23:26:10,4.96E+02
5/11/2026,23:26:11,4.96E+02
5/11/2026,23:26:12,4.96E+02
5/11/2026,23:26:14,4.95E+02
5/11/2026,23:26:15,4.95E+02
5/11/2026,23:26:16,4.95E+02
5/11/2026,23:26:18,4.94E+02
5/11/2026,23:26:19,4.93E+02
5/11/2026,23:26:20,4.93E+02
5/11/2026,23:26:22,4.93E+02
5/11/2026,23:26:23,4.92E+02
5/11/2026,23:26:24,4.92E+02
5/11/2026,23:26:25,4.92E+02
5/11/2026,23:26:26,4.91E+02
5/11/2026,23:26:28,4.91E+02
5/11/2026,23:26:29,4.91E+02
5/11/2026,23:26:30,4.91E+02
5/11/2026,23:26:32,4.91E+02
5/11/2026,23:26:33,4.90E+02
5/11/2026,23:26:34,4.90E+02
5/11/2026,23:26:35,4.90E+02
5/11/2026,23:26:37,4.89E+02
5/11/2026,23:26:38,4.89E+02
5/11/2026,23:26:39,4.89E+02
5/11/2026,23:26:40,4.88E+02
5/11/2026,23:26:42,4.88E+02
5/11/2026,23:26:43,4.88E+02
5/11/2026,23:26:44,4.87E+02
5/11/2026,23:26:45,4.87E+02
5/11/2026,23:26:47,4.87E+02
5/11/2026,23:26:48,4.86E+02
5/11/2026,23:26:49,4.86E+02
5/11/2026,23:26:50,4.86E+02
5/11/2026,23:26:52,4.85E+02
5/11/2026,23:26:53,4.85E+02
5/11/2026,23:26:54,4.85E+02
5/11/2026,23:26:56,4.85E+02
5/11/2026,23:26:57,4.84E+02
5/11/2026,23:26:58,4.84E+02
5/11/2026,23:27:00,4.84E+02
5/11/2026,23:27:01,4.84E+02
5/11/2026,23:27:02,4.84E+02
5/11/2026,23:27:03,4.83E+02
5/11/2026,23:27:05,4.83E+02
5/11/2026,23:27:06,4.83E+02
5/11/2026,23:27:07,4.82E+02
5/11/2026,23:27:08,4.82E+02
5/11/2026,23:27:10,4.82E+02
5/11/2026,23:27:11,4.82E+02
5/11/2026,23:27:12,4.81E+02
5/11/2026,23:27:13,4.81E+02
5/11/2026,23:27:15,4.81E+02
5/11/2026,23:27:16,4.80E+02
5/11/2026,23:27:17,4.80E+02
5/11/2026,23:27:19,4.80E+02
5/11/2026,23:27:20,4.80E+02
5/11/2026,23:27:21,4.80E+02
5/11/2026,23:27:23,4.79E+02
5/11/2026,23:27:24,4.79E+02
5/11/2026,23:27:25,4.79E+02
5/11/2026,23:27:26,4.79E+02
5/11/2026,23:27:27,4.78E+02
5/11/2026,23:27:29,4.78E+02
5/11/2026,23:27:30,4.78E+02
5/11/2026,23:27:31,4.78E+02
5/11/2026,23:27:32,4.78E+02
5/11/2026,23:27:34,4.77E+02
5/11/2026,23:27:35,4.77E+02
5/11/2026,23:27:37,4.77E+02
5/11/2026,23:27:38,4.76E+02
5/11/2026,23:27:39,4.76E+02
5/11/2026,23:27:40,4.76E+02
5/11/2026,23:27:42,4.76E+02
5/11/2026,23:27:43,4.76E+02
5/11/2026,23:27:44,4.76E+02
5/11/2026,23:27:46,4.75E+02
5/11/2026,23:27:47,4.75E+02
5/11/2026,23:27:48,4.75E+02
5/11/2026,23:27:49,4.75E+02
5/11/2026,23:27:50,4.75E+02
5/11/2026,23:27:52,4.75E+02
5/11/2026,23:27:53,4.74E+02
5/11/2026,23:27:54,4.74E+02
5/11/2026,23:27:56,4.74E+02
5/11/2026,23:27:57,4.74E+02
5/11/2026,23:27:58,4.74E+02
5/11/2026,23:27:59,4.74E+02
5/11/2026,23:28:01,4.73E+02
5/11/2026,23:28:02,4.73E+02
5/11/2026,23:28:03,4.73E+02
5/11/2026,23:28:04,4.73E+02
5/11/2026,23:28:06,4.72E+02
5/11/2026,23:28:07,4.72E+02
5/11/2026,23:28:08,4.72E+02
5/11/2026,23:28:09,4.72E+02
5/11/2026,23:28:11,4.72E+02
5/11/2026,23:28:12,4.71E+02
5/11/2026,23:28:14,4.72E+02
5/11/2026,23:28:15,4.72E+02
5/11/2026,23:28:16,4.71E+02
5/11/2026,23:28:17,4.71E+02
5/11/2026,23:28:19,4.71E+02
5/11/2026,23:28:20,4.70E+02
5/11/2026,23:28:21,4.71E+02
5/11/2026,23:28:22,4.71E+02
5/11/2026,23:28:24,4.70E+02
5/11/2026,23:28:25,4.70E+02
5/11/2026,23:28:26,4.70E+02
5/11/2026,23:28:27,4.70E+02
5/11/2026,23:28:29,4.69E+02
5/11/2026,23:28:30,4.69E+02
5/11/2026,23:28:31,4.69E+02
5/11/2026,23:28:33,4.69E+02
5/11/2026,23:28:34,4.69E+02
5/11/2026,23:28:35,4.69E+02
5/11/2026,23:28:36,4.68E+02
5/11/2026,23:28:37,4.68E+02
5/11/2026,23:28:39,4.68E+02
5/11/2026,23:28:40,4.68E+02
5/11/2026,23:28:41,4.68E+02
5/11/2026,23:28:42,4.68E+02
5/11/2026,23:28:44,4.68E+02
5/11/2026,23:28:45,4.68E+02
5/11/2026,23:28:46,4.67E+02
5/11/2026,23:28:47,4.67E+02
5/11/2026,23:28:49,4.67E+02
5/11/2026,23:28:50,4.67E+02
5/11/2026,23:28:51,4.67E+02
5/11/2026,23:28:53,4.67E+02
5/11/2026,23:28:54,4.67E+02
5/11/2026,23:28:55,4.66E+02
5/11/2026,23:28:57,4.66E+02
5/11/2026,23:28:58,4.66E+02
5/11/2026,23:28:59,4.66E+02
5/11/2026,23:29:00,4.66E+02
5/11/2026,23:29:02,4.66E+02
5/11/2026,23:29:03,4.66E+02
5/11/2026,23:29:04,4.66E+02
5/11/2026,23:29:05,4.66E+02
5/11/2026,23:29:06,4.65E+02
5/11/2026,23:29:08,4.65E+02
5/11/2026,23:29:09,4.65E+02
5/11/2026,23:29:10,4.65E+02
5/11/2026,23:29:12,4.65E+02
5/11/2026,23:29:13,4.65E+02
5/11/2026,23:29:14,4.65E+02
5/11/2026,23:29:15,4.65E+02
5/11/2026,23:29:17,4.65E+02
5/11/2026,23:29:18,4.64E+02
5/11/2026,23:29:19,4.64E+02
5/11/2026,23:29:20,4.65E+02
5/11/2026,23:29:22,4.64E+02
5/11/2026,23:29:23,4.64E+02
5/11/2026,23:29:24,4.64E+02
5/11/2026,23:29:25,4.64E+02
5/11/2026,23:29:27,4.64E+02
5/11/2026,23:29:28,4.64E+02
5/11/2026,23:29:29,4.64E+02
5/11/2026,23:29:31,4.64E+02
5/11/2026,23:29:32,4.63E+02
5/11/2026,23:29:33,4.63E+02
5/11/2026,23:29:35,4.63E+02
5/11/2026,23:29:36,4.63E+02
5/11/2026,23:29:37,4.63E+02
5/11/2026,23:29:38,4.63E+02
5/11/2026,23:29:40,4.63E+02
5/11/2026,23:29:41,4.63E+02
5/11/2026,23:29:42,4.63E+02
5/11/2026,23:29:43,4.63E+02
5/11/2026,23:29:45,4.62E+02
5/11/2026,23:29:46,4.62E+02
5/11/2026,23:29:47,4.62E+02
5/11/2026,23:29:48,4.62E+02
5/11/2026,23:29:50,4.62E+02
5/11/2026,23:29:51,4.62E+02
5/11/2026,23:29:52,4.62E+02
5/11/2026,23:29:53,4.62E+02
5/11/2026,23:29:55,4.62E+02
5/11/2026,23:29:56,4.62E+02
5/11/2026,23:29:57,4.62E+02
5/11/2026,23:29:58,4.62E+02
5/11/2026,23:30:00,4.62E+02
5/11/2026,23:30:01,4.62E+02
5/11/2026,23:30:02,4.61E+02
5/11/2026,23:30:04,4.61E+02
5/11/2026,23:30:05,4.61E+02
5/11/2026,23:30:06,4.61E+02
5/11/2026,23:30:08,4.61E+02
5/11/2026,23:30:09,4.61E+02
5/11/2026,23:30:10,4.61E+02
5/11/2026,23:30:11,4.61E+02
5/11/2026,23:30:13,4.61E+02
5/11/2026,23:30:14,4.61E+02
5/11/2026,23:30:15,4.60E+02
5/11/2026,23:30:16,4.60E+02
5/11/2026,23:30:18,4.60E+02
5/11/2026,23:30:19,4.60E+02
5/11/2026,23:30:20,4.60E+02
5/11/2026,23:30:21,4.60E+02
5/11/2026,23:30:23,4.60E+02
5/11/2026,23:30:24,4.60E+02
5/11/2026,23:30:25,4.60E+02
5/11/2026,23:30:26,4.60E+02
5/11/2026,23:30:28,4.60E+02
5/11/2026,23:30:29,4.60E+02
5/11/2026,23:30:30,4.59E+02
5/11/2026,23:30:31,4.59E+02
5/11/2026,23:30:33,4.60E+02
5/11/2026,23:30:34,4.59E+02
5/11/2026,23:30:35,4.59E+02
5/11/2026,23:30:36,4.59E+02
5/11/2026,23:30:38,4.59E+02
5/11/2026,23:30:39,4.59E+02
5/11/2026,23:30:40,4.59E+02
5/11/2026,23:30:41,4.59E+02
5/11/2026,23:30:43,4.59E+02
5/11/2026,23:30:44,4.59E+02
5/11/2026,23:30:46,4.59E+02
5/11/2026,23:30:47,4.59E+02
5/11/2026,23:30:48,4.59E+02
5/11/2026,23:30:49,4.58E+02
5/11/2026,23:30:51,4.58E+02
5/11/2026,23:30:52,4.58E+02
5/11/2026,23:30:53,4.59E+02
5/11/2026,23:30:54,4.59E+02
5/11/2026,23:30:56,4.58E+02
5/11/2026,23:30:57,4.58E+02
5/11/2026,23:30:58,4.58E+02
5/11/2026,23:30:59,4.58E+02
5/11/2026,23:31:01,4.58E+02
5/11/2026,23:31:02,4.58E+02
5/11/2026,23:31:03,4.58E+02
5/11/2026,23:31:04,4.58E+02
5/11/2026,23:31:06,4.58E+02
5/11/2026,23:31:07,4.58E+02
5/11/2026,23:31:08,4.58E+02
5/11/2026,23:31:09,4.58E+02
5/11/2026,23:31:11,4.58E+02
5/11/2026,23:31:12,4.57E+02
5/11/2026,23:31:13,4.57E+02
5/11/2026,23:31:14,4.57E+02
5/11/2026,23:31:16,4.58E+02
5/11/2026,23:31:17,4.58E+02
5/11/2026,23:31:18,4.57E+02
5/11/2026,23:31:20,4.57E+02
5/11/2026,23:31:21,4.57E+02
5/11/2026,23:31:22,4.57E+02
5/11/2026,23:31:23,4.57E+02
5/11/2026,23:31:25,4.57E+02
5/11/2026,23:31:26,4.57E+02
5/11/2026,23:31:27,4.57E+02
5/11/2026,23:31:29,4.57E+02
5/11/2026,23:31:30,4.57E+02
5/11/2026,23:31:31,4.57E+02
5/11/2026,23:31:32,4.57E+02
5/11/2026,23:31:34,4.57E+02
5/11/2026,23:31:35,4.57E+02
5/11/2026,23:31:36,4.57E+02
5/11/2026,23:31:37,4.57E+02
5/11/2026,23:31:38,4.57E+02
5/11/2026,23:31:40,4.57E+02
5/11/2026,23:31:41,4.57E+02
5/11/2026,23:31:42,4.57E+02
5/11/2026,23:31:44,4.57E+02
5/11/2026,23:31:45,4.56E+02
5/11/2026,23:31:46,4.56E+02
5/11/2026,23:31:47,4.56E+02
5/11/2026,23:31:49,4.56E+02
5/11/2026,23:31:50,4.56E+02
5/11/2026,23:31:51,4.56E+02
5/11/2026,23:31:52,4.56E+02
5/11/2026,23:31:54,4.56E+02
5/11/2026,23:31:55,4.56E+02
5/11/2026,23:31:56,4.56E+02
5/11/2026,23:31:57,4.56E+02
5/11/2026,23:31:59,4.56E+02
5/11/2026,23:32:00,4.56E+02
5/11/2026,23:32:02,4.56E+02
5/11/2026,23:32:03,4.56E+02
5/11/2026,23:32:04,4.56E+02
5/11/2026,23:32:05,4.56E+02
5/11/2026,23:32:07,4.56E+02
5/11/2026,23:32:08,4.56E+02
5/11/2026,23:32:09,4.56E+02
5/11/2026,23:32:10,4.56E+02
5/11/2026,23:32:12,4.56E+02
5/11/2026,23:32:13,4.56E+02
5/11/2026,23:32:14,4.56E+02
5/11/2026,23:32:15,4.56E+02
5/11/2026,23:32:16,4.56E+02
5/11/2026,23:32:18,4.56E+02
5/11/2026,23:32:19,4.55E+02
5/11/2026,23:32:20,4.55E+02
5/11/2026,23:32:21,4.55E+02
5/11/2026,23:32:23,4.55E+02
5/11/2026,23:32:24,4.55E+02
5/11/2026,23:32:25,4.55E+02
5/11/2026,23:32:27,4.55E+02
5/11/2026,23:32:28,4.55E+02
5/11/2026,23:32:29,4.55E+02
5/11/2026,23:32:30,4.55E+02
5/11/2026,23:32:32,4.55E+02
5/11/2026,23:32:33,4.55E+02
5/11/2026,23:32:34,4.55E+02
5/11/2026,23:32:35,4.55E+02
5/11/2026,23:32:37,4.55E+02
5/11/2026,23:32:38,4.55E+02
5/11/2026,23:32:39,4.55E+02
5/11/2026,23:32:41,4.55E+02
5/11/2026,23:32:42,4.54E+02
5/11/2026,23:32:43,4.54E+02
5/11/2026,23:32:45,4.54E+02
5/11/2026,23:32:46,4.54E+02
5/11/2026,23:32:47,4.54E+02
5/11/2026,23:32:48,4.54E+02
5/11/2026,23:32:50,4.54E+02
5/11/2026,23:32:51,4.54E+02
5/11/2026,23:32:52,4.54E+02
5/11/2026,23:32:53,4.54E+02
5/11/2026,23:32:55,4.54E+02
5/11/2026,23:32:56,4.54E+02
5/11/2026,23:32:57,4.54E+02
5/11/2026,23:32:59,4.54E+02
5/11/2026,23:33:00,4.54E+02
5/11/2026,23:33:01,4.54E+02
5/11/2026,23:33:02,4.54E+02
5/11/2026,23:33:04,4.54E+02
5/11/2026,23:33:05,4.54E+02
5/11/2026,23:33:06,4.54E+02
5/11/2026,23:33:07,4.54E+02
5/11/2026,23:33:09,4.54E+02
5/11/2026,23:33:10,4.54E+02
5/11/2026,23:33:11,4.54E+02
5/11/2026,23:33:13,4.53E+02
5/11/2026,23:33:14,4.53E+02
5/11/2026,23:33:15,4.53E+02
5/11/2026,23:33:17,4.53E+02
5/11/2026,23:33:18,4.53E+02
5/11/2026,23:33:19,4.53E+02
5/11/2026,23:33:20,4.53E+02
5/11/2026,23:33:22,4.53E+02
5/11/2026,23:33:23,4.53E+02
5/11/2026,23:33:24,4.53E+02
5/11/2026,23:33:25,4.53E+02
5/11/2026,23:33:26,4.53E+02
5/11/2026,23:33:28,4.53E+02
5/11/2026,23:33:29,4.53E+02
5/11/2026,23:33:30,4.53E+02
5/11/2026,23:33:31,4.53E+02
5/11/2026,23:33:33,4.53E+02
5/11/2026,23:33:34,4.53E+02
5/11/2026,23:33:35,4.53E+02
5/11/2026,23:33:37,4.53E+02
5/11/2026,23:33:38,4.53E+02
5/11/2026,23:33:39,4.53E+02
5/11/2026,23:33:40,4.52E+02
5/11/2026,23:33:42,4.52E+02
5/11/2026,23:33:43,4.53E+02
5/11/2026,23:33:44,4.52E+02
5/11/2026,23:33:45,4.52E+02
5/11/2026,23:33:47,4.53E+02
5/11/2026,23:33:48,4.52E+02
5/11/2026,23:33:49,4.52E+02
5/11/2026,23:33:51,4.53E+02
5/11/2026,23:33:52,4.52E+02
5/11/2026,23:33:53,4.52E+02
5/11/2026,23:33:55,4.52E+02
5/11/2026,23:33:56,4.52E+02
5/11/2026,23:33:57,4.52E+02
5/11/2026,23:33:59,4.52E+02
5/11/2026,23:34:00,4.52E+02
5/11/2026,23:34:01,4.52E+02
5/11/2026,23:34:02,4.52E+02
5/11/2026,23:34:03,4.52E+02
5/11/2026,23:34:05,4.52E+02
5/11/2026,23:34:06,4.52E+02
5/11/2026,23:34:07,4.52E+02
5/11/2026,23:34:08,4.52E+02
5/11/2026,23:34:10,4.52E+02
5/11/2026,23:34:11,4.52E+02
5/11/2026,23:34:12,4.52E+02
5/11/2026,23:34:14,4.52E+02
5/11/2026,23:34:15,4.52E+02
5/11/2026,23:34:16,4.52E+02
5/11/2026,23:34:17,4.52E+02
5/11/2026,23:34:18,4.51E+02
5/11/2026,23:34:20,4.51E+02
5/11/2026,23:34:21,4.51E+02
5/11/2026,23:34:22,4.51E+02
5/11/2026,23:34:24,4.51E+02
5/11/2026,23:34:25,4.51E+02
5/11/2026,23:34:26,4.51E+02
5/11/2026,23:34:27,4.51E+02
5/11/2026,23:34:29,4.51E+02
5/11/2026,23:34:30,4.51E+02
5/11/2026,23:34:31,4.51E+02
5/11/2026,23:34:33,4.51E+02
5/11/2026,23:34:34,4.51E+02
5/11/2026,23:34:35,4.51E+02
5/11/2026,23:34:37,4.51E+02
5/11/2026,23:34:38,4.51E+02
5/11/2026,23:34:39,4.51E+02
5/11/2026,23:34:40,4.51E+02
5/11/2026,23:34:41,4.51E+02
5/11/2026,23:34:43,4.51E+02
5/11/2026,23:34:44,4.51E+02
5/11/2026,23:34:45,4.51E+02
5/11/2026,23:34:47,4.51E+02
5/11/2026,23:34:48,4.51E+02
5/11/2026,23:34:49,4.51E+02
5/11/2026,23:34:50,4.51E+02
5/11/2026,23:34:52,4.51E+02
5/11/2026,23:34:53,4.51E+02
5/11/2026,23:34:54,4.51E+02
5/11/2026,23:34:55,4.51E+02
5/11/2026,23:34:57,4.50E+02
5/11/2026,23:34:58,4.50E+02
5/11/2026,23:34:59,4.50E+02
5/11/2026,23:35:00,4.50E+02
5/11/2026,23:35:02,4.50E+02
5/11/2026,23:35:03,4.50E+02
5/11/2026,23:35:04,4.50E+02
5/11/2026,23:35:05,4.50E+02
5/11/2026,23:35:07,4.50E+02
5/11/2026,23:35:08,4.50E+02
5/11/2026,23:35:09,4.50E+02
5/11/2026,23:35:11,4.50E+02
5/11/2026,23:35:12,4.50E+02
5/11/2026,23:35:13,4.50E+02
5/11/2026,23:35:15,4.50E+02
5/11/2026,23:35:16,4.50E+02
5/11/2026,23:35:17,4.50E+02
5/11/2026,23:35:18,4.50E+02
5/11/2026,23:35:20,4.50E+02
5/11/2026,23:35:21,4.50E+02
5/11/2026,23:35:22,4.50E+02
5/11/2026,23:35:23,4.50E+02
5/11/2026,23:35:25,4.50E+02
5/11/2026,23:35:26,4.50E+02
5/11/2026,23:35:27,4.49E+02
5/11/2026,23:35:28,4.49E+02
5/11/2026,23:35:30,4.50E+02
5/11/2026,23:35:31,4.50E+02
5/11/2026,23:35:32,4.50E+02
5/11/2026,23:35:33,4.49E+02
5/11/2026,23:35:35,4.50E+02
5/11/2026,23:35:36,4.50E+02
5/11/2026,23:35:37,4.50E+02
5/11/2026,23:35:39,4.49E+02
5/11/2026,23:35:40,4.49E+02
5/11/2026,23:35:41,4.49E+02
5/11/2026,23:35:42,4.49E+02
5/11/2026,23:35:44,4.49E+02
5/11/2026,23:35:45,4.49E+02
5/11/2026,23:35:46,4.49E+02
5/11/2026,23:35:47,4.49E+02
5/11/2026,23:35:49,4.49E+02
5/11/2026,23:35:50,4.49E+02
5/11/2026,23:35:52,4.49E+02
5/11/2026,23:35:53,4.49E+02
5/11/2026,23:35:54,4.49E+02
5/11/2026,23:35:55,4.49E+02
5/11/2026,23:35:56,4.49E+02
5/11/2026,23:35:58,4.49E+02
5/11/2026,23:35:59,4.49E+02
5/11/2026,23:36:00,4.49E+02
5/11/2026,23:36:02,4.49E+02
5/11/2026,23:36:03,4.49E+02
5/11/2026,23:36:04,4.49E+02
5/11/2026,23:36:05,4.49E+02
5/11/2026,23:36:07,4.49E+02
5/11/2026,23:36:08,4.49E+02
5/11/2026,23:36:09,4.49E+02
5/11/2026,23:36:10,4.49E+02
5/11/2026,23:36:12,4.49E+02
5/11/2026,23:36:13,4.49E+02
5/11/2026,23:36:14,4.49E+02
5/11/2026,23:36:16,4.49E+02
5/11/2026,23:36:17,4.49E+02
5/11/2026,23:36:18,4.49E+02
5/11/2026,23:36:19,4.48E+02
5/11/2026,23:36:20,4.49E+02
5/11/2026,23:36:22,4.49E+02
5/11/2026,23:36:23,4.49E+02
5/11/2026,23:36:24,4.48E+02
5/11/2026,23:36:25,4.48E+02
5/11/2026,23:36:27,4.48E+02
5/11/2026,23:36:28,4.48E+02
5/11/2026,23:36:30,4.48E+02
5/11/2026,23:36:31,4.48E+02
5/11/2026,23:36:32,4.48E+02
5/11/2026,23:36:33,4.48E+02
5/11/2026,23:36:35,4.48E+02
5/11/2026,23:36:36,4.48E+02
5/11/2026,23:36:37,4.48E+02
5/11/2026,23:36:38,4.48E+02
5/11/2026,23:36:40,4.48E+02
5/11/2026,23:36:41,4.48E+02
5/11/2026,23:36:42,4.48E+02
5/11/2026,23:36:43,4.48E+02
5/11/2026,23:36:45,4.48E+02
5/11/2026,23:36:46,4.48E+02
5/11/2026,23:36:47,4.48E+02
5/11/2026,23:36:48,4.48E+02
5/11/2026,23:36:50,4.48E+02
5/11/2026,23:36:51,4.48E+02
5/11/2026,23:36:52,4.48E+02
5/11/2026,23:36:54,4.48E+02
5/11/2026,23:36:55,4.48E+02
5/11/2026,23:36:56,4.48E+02
5/11/2026,23:36:57,4.48E+02
5/11/2026,23:36:58,4.48E+02
5/11/2026,23:37:00,4.48E+02
5/11/2026,23:37:01,4.48E+02
5/11/2026,23:37:02,4.48E+02
5/11/2026,23:37:04,4.48E+02
5/11/2026,23:37:05,4.48E+02
5/11/2026,23:37:06,4.48E+02
5/11/2026,23:37:08,4.48E+02
5/11/2026,23:37:09,4.48E+02
5/11/2026,23:37:10,4.48E+02
5/11/2026,23:37:11,4.48E+02
5/11/2026,23:37:13,4.48E+02
5/11/2026,23:37:14,4.47E+02
5/11/2026,23:37:15,4.47E+02
5/11/2026,23:37:17,4.47E+02
5/11/2026,23:37:18,4.48E+02
5/11/2026,23:37:19,4.48E+02
5/11/2026,23:37:20,4.48E+02
5/11/2026,23:37:21,4.47E+02
5/11/2026,23:37:23,4.47E+02
5/11/2026,23:37:24,4.47E+02
5/11/2026,23:37:25,4.47E+02
5/11/2026,23:37:26,4.47E+02
5/11/2026,23:37:28,4.47E+02
5/11/2026,23:37:29,4.47E+02
5/11/2026,23:37:30,4.47E+02
5/11/2026,23:37:32,4.47E+02
5/11/2026,23:37:33,4.47E+02
5/11/2026,23:37:34,4.47E+02
5/11/2026,23:37:35,4.47E+02
5/11/2026,23:37:36,4.47E+02
5/11/2026,23:37:38,4.47E+02
5/11/2026,23:37:39,4.47E+02
5/11/2026,23:37:40,4.47E+02
5/11/2026,23:37:41,4.47E+02
5/11/2026,23:37:43,4.47E+02
5/11/2026,23:37:44,4.47E+02
5/11/2026,23:37:46,4.47E+02
5/11/2026,23:37:47,4.47E+02
5/11/2026,23:37:48,4.47E+02
5/11/2026,23:37:49,4.47E+02
5/11/2026,23:37:51,4.47E+02
5/11/2026,23:37:52,4.47E+02
5/11/2026,23:37:53,4.47E+02
5/11/2026,23:37:55,4.47E+02
5/11/2026,23:37:56,4.47E+02
5/11/2026,23:37:57,4.47E+02
5/11/2026,23:37:58,4.47E+02
5/11/2026,23:37:59,4.47E+02
5/11/2026,23:38:01,4.47E+02
5/11/2026,23:38:02,4.47E+02
5/11/2026,23:38:03,4.47E+02
5/11/2026,23:38:05,4.47E+02
5/11/2026,23:38:06,4.47E+02
5/11/2026,23:38:07,4.47E+02
5/11/2026,23:38:08,4.47E+02
5/11/2026,23:38:10,4.47E+02
5/11/2026,23:38:11,4.47E+02
5/11/2026,23:38:12,4.47E+02
5/11/2026,23:38:13,4.47E+02
5/11/2026,23:38:14,4.47E+02
5/11/2026,23:38:16,4.47E+02
5/11/2026,23:38:17,4.47E+02
5/11/2026,23:38:18,4.47E+02
5/11/2026,23:38:19,4.47E+02
5/11/2026,23:38:21,4.47E+02
5/11/2026,23:38:22,4.47E+02
5/11/2026,23:38:24,4.47E+02
5/11/2026,23:38:25,4.47E+02
5/11/2026,23:38:26,4.47E+02
5/11/2026,23:38:27,4.47E+02
5/11/2026,23:38:29,4.46E+02
5/11/2026,23:38:30,4.47E+02
5/11/2026,23:38:31,4.47E+02
5/11/2026,23:38:32,4.47E+02
5/11/2026,23:38:34,4.47E+02
5/11/2026,23:38:35,4.47E+02
5/11/2026,23:38:36,4.46E+02
5/11/2026,23:38:37,4.47E+02
5/11/2026,23:38:39,4.47E+02
5/11/2026,23:38:40,4.46E+02
5/11/2026,23:38:41,4.47E+02
5/11/2026,23:38:43,4.47E+02
5/11/2026,23:38:44,4.46E+02
5/11/2026,23:38:45,4.46E+02
5/11/2026,23:38:46,4.46E+02
5/11/2026,23:38:48,4.46E+02
5/11/2026,23:38:49,4.46E+02
5/11/2026,23:38:50,4.46E+02
5/11/2026,23:38:51,4.46E+02
5/11/2026,23:38:52,4.46E+02
5/11/2026,23:38:54,4.46E+02
5/11/2026,23:38:55,4.46E+02
5/11/2026,23:38:56,4.46E+02
5/11/2026,23:38:58,4.46E+02
5/11/2026,23:38:59,4.47E+02
5/11/2026,23:39:00,4.47E+02
5/11/2026,23:39:02,4.47E+02
5/11/2026,23:39:03,4.46E+02
5/11/2026,23:39:04,4.47E+02
5/11/2026,23:39:06,4.47E+02
5/11/2026,23:39:07,4.46E+02
5/11/2026,23:39:08,4.46E+02
5/11/2026,23:39:09,4.46E+02
5/11/2026,23:39:11,4.46E+02
5/11/2026,23:39:12,4.46E+02
5/11/2026,23:39:13,4.46E+02
5/11/2026,23:39:14,4.46E+02
5/11/2026,23:39:15,4.46E+02
5/11/2026,23:39:17,4.46E+02
5/11/2026,23:39:18,4.46E+02
5/11/2026,23:39:19,4.46E+02
5/11/2026,23:39:21,4.46E+02
5/11/2026,23:39:22,4.46E+02
5/11/2026,23:39:23,4.46E+02
5/11/2026,23:39:24,4.46E+02
5/11/2026,23:39:26,4.46E+02
5/11/2026,23:39:27,4.46E+02
5/11/2026,23:39:28,4.46E+02
5/11/2026,23:39:29,4.46E+02
5/11/2026,23:39:31,4.46E+02
5/11/2026,23:39:32,4.46E+02
5/11/2026,23:39:33,4.46E+02
5/11/2026,23:39:34,4.46E+02
5/11/2026,23:39:36,4.46E+02
5/11/2026,23:39:37,4.46E+02
5/11/2026,23:39:39,4.46E+02
5/11/2026,23:39:40,4.46E+02
5/11/2026,23:39:41,4.46E+02
5/11/2026,23:39:42,4.46E+02
5/11/2026,23:39:44,4.46E+02
5/11/2026,23:39:45,4.46E+02
5/11/2026,23:39:46,4.46E+02
5/11/2026,23:39:47,4.46E+02
5/11/2026,23:39:49,4.46E+02
5/11/2026,23:39:50,4.46E+02
5/11/2026,23:39:51,4.46E+02
5/11/2026,23:39:53,4.46E+02
5/11/2026,23:39:54,4.46E+02
5/11/2026,23:39:55,4.46E+02
5/11/2026,23:39:56,4.46E+02
5/11/2026,23:39:58,4.46E+02
5/11/2026,23:39:59,4.46E+02
5/11/2026,23:40:00,4.46E+02
5/11/2026,23:40:01,4.46E+02
5/11/2026,23:40:03,4.46E+02
5/11/2026,23:40:04,4.46E+02
5/11/2026,23:40:05,4.46E+02
5/11/2026,23:40:06,4.46E+02
5/11/2026,23:40:08,4.46E+02
5/11/2026,23:40:09,4.46E+02
5/11/2026,23:40:10,4.46E+02
5/11/2026,23:40:12,4.46E+02
5/11/2026,23:40:13,4.46E+02
5/11/2026,23:40:14,4.46E+02
5/11/2026,23:40:16,4.46E+02
5/11/2026,23:40:17,4.46E+02
5/11/2026,23:40:18,4.46E+02
5/11/2026,23:40:19,4.46E+02
5/11/2026,23:40:21,4.46E+02
5/11/2026,23:40:22,4.46E+02
5/11/2026,23:40:23,4.46E+02
5/11/2026,23:40:24,4.46E+02
5/11/2026,23:40:26,4.46E+02
5/11/2026,23:40:27,4.46E+02
5/11/2026,23:40:28,4.46E+02
5/11/2026,23:40:29,4.46E+02
5/11/2026,23:40:31,4.46E+02
5/11/2026,23:40:32,4.46E+02
5/11/2026,23:40:33,4.46E+02
5/11/2026,23:40:35,4.46E+02
5/11/2026,23:40:36,4.46E+02
5/11/2026,23:40:37,4.46E+02
5/11/2026,23:40:38,4.46E+02
5/11/2026,23:40:39,4.46E+02
5/11/2026,23:40:41,4.46E+02
5/11/2026,23:40:42,4.45E+02
5/11/2026,23:40:43,4.46E+02
5/11/2026,23:40:44,4.46E+02
5/11/2026,23:40:45,4.46E+02
5/11/2026,23:40:47,4.46E+02
5/11/2026,23:40:48,4.46E+02
5/11/2026,23:40:49,4.46E+02
5/11/2026,23:40:51,4.46E+02
5/11/2026,23:40:52,4.46E+02
5/11/2026,23:40:53,4.46E+02
5/11/2026,23:40:55,4.46E+02
5/11/2026,23:40:56,4.46E+02
5/11/2026,23:40:57,4.46E+02
5/11/2026,23:40:59,4.46E+02
5/11/2026,23:41:00,4.46E+02
5/11/2026,23:41:01,4.46E+02
5/11/2026,23:41:02,4.46E+02
5/11/2026,23:41:03,4.46E+02
5/11/2026,23:41:05,4.46E+02
5/11/2026,23:41:06,4.46E+02
5/11/2026,23:41:07,4.46E+02
5/11/2026,23:41:08,4.46E+02
5/11/2026,23:41:10,4.46E+02
5/11/2026,23:41:11,4.46E+02
5/11/2026,23:41:12,4.46E+02
5/11/2026,23:41:13,4.46E+02
5/11/2026,23:41:15,4.46E+02
5/11/2026,23:41:16,4.46E+02
5/11/2026,23:41:17,4.46E+02
5/11/2026,23:41:18,4.46E+02
5/11/2026,23:41:20,4.45E+02
5/11/2026,23:41:21,4.46E+02
5/11/2026,23:41:22,4.46E+02
5/11/2026,23:41:23,4.46E+02
5/11/2026,23:41:25,4.45E+02
5/11/2026,23:41:26,4.45E+02
5/11/2026,23:41:27,4.46E+02
5/11/2026,23:41:29,4.45E+02
5/11/2026,23:41:30,4.45E+02
5/11/2026,23:41:31,4.46E+02
5/11/2026,23:41:33,4.46E+02
5/11/2026,23:41:34,4.46E+02
5/11/2026,23:41:35,4.46E+02
5/11/2026,23:41:36,4.46E+02
5/11/2026,23:41:38,4.46E+02
5/11/2026,23:41:39,4.45E+02
5/11/2026,23:41:40,4.46E+02
5/11/2026,23:41:41,4.46E+02
5/11/2026,23:41:43,4.46E+02
5/11/2026,23:41:44,4.45E+02
5/11/2026,23:41:45,4.45E+02
5/11/2026,23:41:46,4.46E+02
5/11/2026,23:41:47,4.46E+02
5/11/2026,23:41:49,4.46E+02
5/11/2026,23:41:50,4.45E+02
5/11/2026,23:41:51,4.46E+02
5/11/2026,23:41:53,4.46E+02
5/11/2026,23:41:54,4.46E+02
5/11/2026,23:41:55,4.46E+02
5/11/2026,23:41:56,4.46E+02
5/11/2026,23:41:58,4.45E+02
5/11/2026,23:41:59,4.46E+02
5/11/2026,23:42:00,4.46E+02
5/11/2026,23:42:01,4.46E+02
5/11/2026,23:42:02,4.45E+02
5/11/2026,23:42:04,4.45E+02
5/11/2026,23:42:05,4.45E+02
5/11/2026,23:42:06,4.46E+02
5/11/2026,23:42:08,4.46E+02
5/11/2026,23:42:09,4.45E+02
5/11/2026,23:42:10,4.45E+02
5/11/2026,23:42:12,4.45E+02
5/11/2026,23:42:13,4.45E+02
5/11/2026,23:42:14,4.46E+02
5/11/2026,23:42:16,4.46E+02
5/11/2026,23:42:17,4.46E+02
5/11/2026,23:42:18,4.45E+02
5/11/2026,23:42:19,4.45E+02
5/11/2026,23:42:21,4.46E+02
5/11/2026,23:42:22,4.45E+02
5/11/2026,23:42:23,4.45E+02
5/11/2026,23:42:24,4.45E+02
5/11/2026,23:42:25,4.46E+02
5/11/2026,23:42:27,4.46E+02
5/11/2026,23:42:28,4.46E+02
5/11/2026,23:42:29,4.45E+02
5/11/2026,23:42:31,4.45E+02
5/11/2026,23:42:32,4.45E+02
5/11/2026,23:42:33,4.45E+02
5/11/2026,23:42:34,4.45E+02
5/11/2026,23:42:36,4.45E+02
5/11/2026,23:42:37,4.46E+02
5/11/2026,23:42:38,4.46E+02
5/11/2026,23:42:39,4.45E+02
5/11/2026,23:42:41,4.45E+02
5/11/2026,23:42:42,4.45E+02
5/11/2026,23:42:43,4.46E+02
5/11/2026,23:42:44,4.45E+02
5/11/2026,23:42:46,4.45E+02
5/11/2026,23:42:47,4.45E+02
5/11/2026,23:42:48,4.46E+02
5/11/2026,23:42:50,4.46E+02
5/11/2026,23:42:51,4.45E+02
5/11/2026,23:42:52,4.45E+02
5/11/2026,23:42:53,4.45E+02
5/11/2026,23:42:55,4.45E+02
5/11/2026,23:42:56,4.45E+02
5/11/2026,23:42:57,4.45E+02
5/11/2026,23:42:59,4.46E+02
5/11/2026,23:43:00,4.45E+02
5/11/2026,23:43:01,4.45E+02
5/11/2026,23:43:02,4.45E+02
5/11/2026,23:43:03,4.46E+02
5/11/2026,23:43:05,4.46E+02
5/11/2026,23:43:06,4.45E+02
5/11/2026,23:43:07,4.45E+02
5/11/2026,23:43:09,4.45E+02
5/11/2026,23:43:10,4.45E+02
5/11/2026,23:43:11,4.45E+02
5/11/2026,23:43:12,4.45E+02
5/11/2026,23:43:14,4.45E+02
5/11/2026,23:43:15,4.45E+02
5/11/2026,23:43:16,4.45E+02
5/11/2026,23:43:17,4.45E+02
5/11/2026,23:43:19,4.45E+02
5/11/2026,23:43:20,4.45E+02
5/11/2026,23:43:21,4.45E+02
5/11/2026,23:43:23,4.46E+02
5/11/2026,23:43:24,4.46E+02
5/11/2026,23:43:26,4.46E+02
5/11/2026,23:43:27,4.45E+02
5/11/2026,23:43:28,4.45E+02
5/11/2026,23:43:29,4.45E+02
5/11/2026,23:43:31,4.45E+02
5/11/2026,23:43:32,4.45E+02
5/11/2026,23:43:33,4.45E+02
5/11/2026,23:43:34,4.46E+02
5/11/2026,23:43:36,4.46E+02
5/11/2026,23:43:37,4.45E+02
5/11/2026,23:43:38,4.46E+02
5/11/2026,23:43:39,4.46E+02
5/11/2026,23:43:41,4.45E+02
5/11/2026,23:43:42,4.45E+02
5/11/2026,23:43:43,4.45E+02
5/11/2026,23:43:45,4.46E+02
5/11/2026,23:43:46,4.46E+02
5/11/2026,23:43:47,4.46E+02
5/11/2026,23:43:48,4.46E+02
5/11/2026,23:43:49,4.46E+02
5/11/2026,23:43:51,4.46E+02
5/11/2026,23:43:52,4.45E+02
5/11/2026,23:43:53,4.46E+02
5/11/2026,23:43:55,4.46E+02
5/11/2026,23:43:56,4.46E+02
5/11/2026,23:43:57,4.45E+02
5/11/2026,23:43:58,4.45E+02
5/11/2026,23:44:00,4.46E+02
5/11/2026,23:44:01,4.46E+02
5/11/2026,23:44:02,4.46E+02
5/11/2026,23:44:04,4.46E+02
5/11/2026,23:44:05,4.45E+02
5/11/2026,23:44:06,4.45E+02
5/11/2026,23:44:08,4.46E+02
5/11/2026,23:44:09,4.45E+02
5/11/2026,23:44:10,4.45E+02
5/11/2026,23:44:11,4.45E+02
5/11/2026,23:44:12,4.46E+02
5/11/2026,23:44:14,4.46E+02
5/11/2026,23:44:15,4.46E+02
5/11/2026,23:44:16,4.46E+02
5/11/2026,23:44:17,4.46E+02
5/11/2026,23:44:19,4.46E+02
5/11/2026,23:44:20,4.46E+02
5/11/2026,23:44:21,4.46E+02
5/11/2026,23:44:23,4.46E+02
5/11/2026,23:44:24,4.46E+02
5/11/2026,23:44:25,4.46E+02
5/11/2026,23:44:26,4.46E+02
5/11/2026,23:44:27,4.46E+02
5/11/2026,23:44:29,4.46E+02
5/11/2026,23:44:30,4.46E+02
5/11/2026,23:44:31,4.46E+02
5/11/2026,23:44:33,4.46E+02
5/11/2026,23:44:34,4.45E+02
5/11/2026,23:44:35,4.46E+02
5/11/2026,23:44:36,4.46E+02
5/11/2026,23:44:38,4.46E+02
5/11/2026,23:44:39,4.46E+02
5/11/2026,23:44:40,4.46E+02
5/11/2026,23:44:42,4.46E+02
5/11/2026,23:44:43,4.46E+02
5/11/2026,23:44:44,4.46E+02
5/11/2026,23:44:46,4.46E+02
5/11/2026,23:44:47,4.46E+02
5/11/2026,23:44:48,4.46E+02
5/11/2026,23:44:49,4.46E+02
5/11/2026,23:44:50,4.46E+02
5/11/2026,23:44:52,4.46E+02
5/11/2026,23:44:53,4.46E+02
5/11/2026,23:44:54,4.46E+02
5/11/2026,23:44:56,4.46E+02
5/11/2026,23:44:57,4.46E+02
5/11/2026,23:44:58,4.46E+02
5/11/2026,23:44:59,4.46E+02
5/11/2026,23:45:01,4.46E+02
5/11/2026,23:45:02,4.46E+02
5/11/2026,23:45:03,4.46E+02
5/11/2026,23:45:04,4.46E+02
5/11/2026,23:45:05,4.46E+02
5/11/2026,23:45:07,4.46E+02
5/11/2026,23:45:08,4.46E+02
5/11/2026,23:45:09,4.46E+02
5/11/2026,23:45:11,4.46E+02
5/11/2026,23:45:12,4.46E+02
5/11/2026,23:45:13,4.46E+02
5/11/2026,23:45:14,4.46E+02
5/11/2026,23:45:16,4.46E+02
5/11/2026,23:45:17,4.46E+02
5/11/2026,23:45:18,4.46E+02
5/11/2026,23:45:20,4.46E+02
5/11/2026,23:45:21,4.46E+02
5/11/2026,23:45:22,4.46E+02
5/11/2026,23:45:24,4.46E+02
5/11/2026,23:45:25,4.46E+02
5/11/2026,23:45:26,4.46E+02
5/11/2026,23:45:27,4.46E+02
5/11/2026,23:45:29,4.47E+02
5/11/2026,23:45:30,4.47E+02
5/11/2026,23:45:31,4.46E+02
5/11/2026,23:45:33,4.46E+02
5/11/2026,23:45:34,4.46E+02
5/11/2026,23:45:35,4.46E+02
5/11/2026,23:45:36,4.46E+02
5/11/2026,23:45:38,4.46E+02
5/11/2026,23:45:39,4.46E+02
5/11/2026,23:45:40,4.46E+02
5/11/2026,23:45:41,4.46E+02
5/11/2026,23:45:43,4.46E+02
5/11/2026,23:45:44,4.46E+02
5/11/2026,23:45:45,4.46E+02
5/11/2026,23:45:47,4.46E+02
5/11/2026,23:45:48,4.47E+02
5/11/2026,23:45:49,4.47E+02
5/11/2026,23:45:50,4.46E+02
5/11/2026,23:45:51,4.46E+02
5/11/2026,23:45:53,4.46E+02
5/11/2026,23:45:54,4.46E+02
5/11/2026,23:45:55,4.46E+02
5/11/2026,23:45:57,4.46E+02
5/11/2026,23:45:58,4.46E+02
5/11/2026,23:45:59,4.46E+02
5/11/2026,23:46:01,4.46E+02
5/11/2026,23:46:02,4.46E+02
5/11/2026,23:46:03,4.46E+02
5/11/2026,23:46:04,4.46E+02
5/11/2026,23:46:06,4.47E+02
5/11/2026,23:46:07,4.46E+02
5/11/2026,23:46:08,4.46E+02
5/11/2026,23:46:10,4.46E+02
5/11/2026,23:46:11,4.46E+02
5/11/2026,23:46:12,4.46E+02
5/11/2026,23:46:13,4.46E+02
5/11/2026,23:46:14,4.46E+02
5/11/2026,23:46:16,4.46E+02
5/11/2026,23:46:17,4.46E+02
5/11/2026,23:46:18,4.46E+02
5/11/2026,23:46:20,4.46E+02
5/11/2026,23:46:21,4.47E+02
5/11/2026,23:46:22,4.46E+02
5/11/2026,23:46:23,4.46E+02
5/11/2026,23:46:25,4.46E+02
5/11/2026,23:46:26,4.47E+02
5/11/2026,23:46:27,4.47E+02
5/11/2026,23:46:28,4.46E+02
5/11/2026,23:46:30,4.47E+02
5/11/2026,23:46:31,4.47E+02
5/11/2026,23:46:32,4.47E+02
5/11/2026,23:46:33,4.47E+02
5/11/2026,23:46:35,4.47E+02
5/11/2026,23:46:36,4.47E+02
5/11/2026,23:46:37,4.46E+02
5/11/2026,23:46:39,4.46E+02
5/11/2026,23:46:40,4.47E+02
5/11/2026,23:46:41,4.47E+02
5/11/2026,23:46:43,4.47E+02
5/11/2026,23:46:44,4.47E+02
5/11/2026,23:46:45,4.46E+02
5/11/2026,23:46:46,4.46E+02
5/11/2026,23:46:48,4.47E+02
5/11/2026,23:46:49,4.46E+02
5/11/2026,23:46:50,4.46E+02
5/11/2026,23:46:51,4.47E+02
5/11/2026,23:46:53,4.47E+02
5/11/2026,23:46:54,4.47E+02
5/11/2026,23:46:55,4.47E+02
5/11/2026,23:46:56,4.47E+02
5/11/2026,23:46:58,4.47E+02
5/11/2026,23:46:59,4.47E+02
5/11/2026,23:47:00,4.46E+02
5/11/2026,23:47:01,4.46E+02
5/11/2026,23:47:03,4.47E+02
5/11/2026,23:47:04,4.47E+02
5/11/2026,23:47:05,4.47E+02
5/11/2026,23:47:06,4.46E+02
5/11/2026,23:47:08,4.46E+02
5/11/2026,23:47:09,4.46E+02
5/11/2026,23:47:10,4.47E+02
5/11/2026,23:47:12,4.47E+02
5/11/2026,23:47:13,4.47E+02
5/11/2026,23:47:14,4.46E+02
5/11/2026,23:47:16,4.46E+02
5/11/2026,23:47:17,4.46E+02
5/11/2026,23:47:18,4.46E+02
5/11/2026,23:47:19,4.47E+02
5/11/2026,23:47:21,4.47E+02
5/11/2026,23:47:22,4.46E+02
5/11/2026,23:47:23,4.47E+02
5/11/2026,23:47:25,4.47E+02
5/11/2026,23:47:26,4.46E+02
5/11/2026,23:47:27,4.46E+02
5/11/2026,23:47:28,4.46E+02
5/11/2026,23:47:30,4.47E+02
5/11/2026,23:47:31,4.46E+02
5/11/2026,23:47:32,4.46E+02
5/11/2026,23:47:34,4.47E+02
5/11/2026,23:47:35,4.46E+02
5/11/2026,23:47:36,4.46E+02
5/11/2026,23:47:37,4.47E+02
